"n","id_tweet","data_brt","autor","nome_autor","verificado","seguidores","tweets_do_autor","eh_retweet","autor_original","idioma","texto","link1","host1","hashtags","cidadao","stance","confianca","notas"
"1","12192408","2014-10-22T10:50:43","@elemidia","elemidia","0","1413","342076","0","","pt","Datafolha: Dilma tem 54% das intenções de voto no Norte contra 35% de Aécio. #ELEIÇÕES2014 #ELEMIDIA","","","[""ELEIÇÕES2014"", ""ELEMIDIA""]","","","",""
"2","15118210","2014-10-25T16:00:29","@andrerij","andré","0","71","1012","1","","pt","RT @renatadangelo: O MASP esta verde, amarelo, azul e branco #VemPraRua25deOutubro  #EAecio45Confirma #Eleicoes2014 #Aecio45PeloBrasil http…","","","[""VemPraRua25deOutubro"", ""EAecio45Confirma"", ""Eleicoes2014"", ""Aecio45PeloBrasil""]","","","",""
"3","15045626","2014-10-25T18:32:20","@vitorsam","Pás e bem ©","0","282","43360","1","","pt","RT @g1: Ibope: Dilma tem 53%, e Aécio, 47% http://t.co/ZQyjjTn2sr #Eleições2014 #G1","http://glo.bo/1DcMQ3k","glo.bo","[""Eleições2014"", ""G1""]","","","",""
"4","10848437","2014-10-20T09:42:43","@MauzinhaS","Boazinha.","0","229","10291","0","","pt","É bom ter esperanças de um Brasil melhor, mas é bom lembrar que Aécio não é super-herói, né pessoas? #Eleicoes2014","","","[""Eleicoes2014""]","","","",""
"5","12345705","2014-10-24T00:01:00","@myrianguimaraes","myrian guimaraes","0","34","533","1","","pt","RT @barretonessa: Dia 27/10 vão declarar a falência de @VEJA, pq a credibilidade da revista morreu faz tempo.. #Eleicoes2014 #DesesperodaVe…","","","[""Eleicoes2014""]","","","",""
"6","12779447","2014-10-23T07:35:09","@gnasce","g nascimento","0","62","5801","1","","pt","RT @UOLNoticias: Governo segura divulgação de dados que podem afetar campanha de #Dilma http://t.co/luP7ZvIBj4 #Eleições2014","http://uol.com/bndYqB","uol.com","[""Dilma"", ""Eleições2014""]","","","",""
"7","10623922","2014-10-20T20:48:56","@oxepaulo","paulo","0","6889","120815","1","","pt","RT @EpocaEleicoes: Datafolha: Dilma 52% e Aécio 48% no segundo turno http://t.co/Bl2XCPtAyQ #Eleições2014 http://t.co/AgZ2dl8pTj","http://glo.bo/1CN3rKZ","glo.bo","[""Eleições2014""]","","","",""
"8","12571485","2014-10-23T17:05:17","@oxenampera","ai dento","0","395","12290","1","","pt","RT @g1: Irmã de Lula grava vídeo em que pede votos para Aécio no segundo turno http://t.co/V1kFzD6E1a #Eleições2014 #G1 http://t.co/HysRZiu…","http://glo.bo/1rmPxd0","glo.bo","[""Eleições2014"", ""G1""]","","","",""
"9","11409510","2014-10-21T22:49:00","@belamuller","dra. belinha","0","326","38509","1","","pt","RT @zerohora: #eleições2014 Ibope: Sartori lidera com 53%, Tarso aparece com 37% http://t.co/0WSgBq0v1u http://t.co/cmxfXlZLr4","http://zhora.co/1orj0Ht","zhora.co","[""eleições2014""]","","","",""
"10","14061846","2014-10-24T23:02:57","@rinormand","MarsGuy","0","665","2706","1","","pt","RT @klebersilva: Mais legal que ver o #debatenaglobo é acompanhar no Twitter as análises e piadas #Eleicoes2014 #debatepresidencial","","","[""debatenaglobo"", ""Eleicoes2014"", ""debatepresidencial""]","","","",""
"11","14754244","2014-10-24T08:12:19","@Debyvi","Deborah Ceneviva Vicentini","0","439","13842","1","","pt","RT @agenciabrasil: #Eleicoes2014 Termina hoje propaganda eleitoral no rádio e na televisão | Agência Brasil http://t.co/3vUAyRNCh2 http://t…","http://goo.gl/iPOK7c","goo.gl","[""Eleicoes2014""]","","","",""
"12","12674689","2014-10-23T12:45:57","@costa_leonardoo","Leonardo da Costa","0","169","3095","0","","pt","Dilma busca voto feminino com discurso oportunista http://t.co/eqt9UzMjam via @veja #eleicoes2014 #desespero","http://veja.abril.com.br/multimidia/video/dilma-busca-voto-feminino-com-discurso-oportunista","veja.abril.com.br","[""eleicoes2014"", ""desespero""]","","","",""
"13","12495235","2014-10-23T19:39:02","@tbscrvlh","Tobias Carvalho","0","1208","41703","1","","pt","RT @g1: Aprovação do governo Dilma é de 44%, indica pesquisa Datafolha http://t.co/4OpoSZxp1T #Eleições2014 #G1","http://glo.bo/1xenC2v","glo.bo","[""Eleições2014"", ""G1""]","","","",""
"14","12737846","2014-10-23T10:02:40","@geledes","Geledés Instituto da Mulher Negra","1","69136","43788","0","","pt","“Não confio em homem que desrespeita mulher”: nossa colunista explica sua opção política http://t.co/JKLz6fQJ7f #geledes #eleiçoes2014","http://ow.ly/DdmZ2","geledes.org.br","[""geledes"", ""eleiçoes2014""]","","","",""
"15","13743651","2014-10-25T00:28:44","@delgrepe","ECOSilva","0","928","42128","1","","pt","RT @CandidoRonildo: O Aecio massacrou a candidata petista!!! Sem dúvida o mais preparado!!#Eleicoes2014","","","[""Eleicoes2014""]","","","",""
"16","14256551","2014-10-24T22:29:22","@denise_mrezende","Denise Rezende","0","122","4788","0","","in","Samba #diva, #rainhadanaçao #Eleições2014 #DebateNaGlobo","","","[""diva"", ""rainhadanaçao"", ""Eleições2014"", ""DebateNaGlobo""]","","","",""
"17","10855370","2014-10-20T09:18:07","@natanae66243438","natanael","0","992","266349","1","","pt","RT @UOLNoticias: Irmã de Aécio chefiou órgão que fiscalizava verbas para rádios de tucano http://t.co/5uWDKGm8ol #Eleições2014","http://uol.com/bddXVh","uol.com","[""Eleições2014""]","","","",""
"18","14585251","2014-10-24T14:25:16","@SLEtecnologia","SLE","0","189","2402","0","","pt","Como ficou seu relacionamento com os amigos durante o período das eleições? http://t.co/IyNKYA4PbA #eleições2014","http://goo.gl/5D6wnd","goo.gl","[""eleições2014""]","","","",""
"19","14894751","2014-10-25T22:24:15","@crizmys","Criz","0","246","5200","1","","pt","RT @fernandeschris: #Eleicoes2014 o PT nao é maior que o Brasil.Reeleger corrupção é cuspe na cara.Pense em mudança.Se nada mudar, em 4, a …","","","[""Eleicoes2014""]","","","",""
"20","12480248","2014-10-23T20:12:12","@LeneSouzinhaa","Lene...#SENHOR,sem Ti nada sou!!⭐","0","8088","541733","1","","pt","RT @g1: O tema é aborto. Quem mandou bem? Veja frases de Dilma e Aécio: http://t.co/Dj2qThvRM3 #Eleições2014 #G1 http://t.co/rYnTtEeHe3","http://glo.bo/10eaCA6","glo.bo","[""Eleições2014"", ""G1""]","","","",""
"21","12087891","2014-10-22T15:26:13","@PrDaneCosta","Dane Costa","0","132","8282","1","","pt","RT @AraoAmazonas: Inserção de discurso de Lula na TV rende punição ao PT http://t.co/2kTmv9wTFM #Eleições2014”","http://www.atarde.com.br/noticias/1633015","atarde.com.br","[""Eleições2014""]","","","",""
"22","14853600","2014-10-25T23:34:22","@MarciaSavino","MarciaSavino","0","247","7082","0","","es","Fora, PresidANTA!           #Eleicoes2014 #Aecio45PeloBrasil  #Aecio45","","","[""Eleicoes2014"", ""Aecio45PeloBrasil"", ""Aecio45""]","","","",""
"23","10196067","2014-10-19T21:53:12","@ivanabreubr","Ivan Abreu","0","292","2510","0","","pt","RT: @cartacapital  A indignação seletiva do PSDB. Por @VladimirSafatle http://t.co/aTqs8hTbZB  #Eleicoes2014  #Brasil #conservadorismo","http://bit.ly/1tD4rm1","cartacapital.com.br","[""Eleicoes2014"", ""Brasil"", ""conservadorismo""]","","","",""
"24","12070412","2014-10-22T16:12:14","@NazarioGrazi","Grazy Escritora","0","216","2194","0","","pt","Eu quero ver se depois das eleições estarão todos politizados e dispostos a cobrar seriamente os eleitos. Mas Todos o eleitos #Eleicoes2014","","","[""Eleicoes2014""]","","","",""
"25","11765346","2014-10-21T08:00:28","@aletwpeixoto","Alessandro Peixoto","0","52","9853","1","","pt","RT @g1: 'Eu era excessivamente generosa', diz Dilma sobre elogios a Aécio http://t.co/yrSS7Fh1Hf #Eleições2014 #G1 http://t.co/nq1qY2BoKm","http://glo.bo/1r6zDn9","glo.bo","[""Eleições2014"", ""G1""]","","","",""
"26","12585719","2014-10-23T16:28:09","@Flavio_Soli","Flavio Almeida 🅰️➕","0","218","3595","1","","pt","RT @g1: Irmã de Lula grava vídeo em que pede votos para Aécio no segundo turno http://t.co/V1kFzD6E1a #Eleições2014 #G1 http://t.co/HysRZiu…","http://glo.bo/1rmPxd0","glo.bo","[""Eleições2014"", ""G1""]","","","",""
"27","13889506","2014-10-24T23:32:37","@accolovers","accolovers","0","492","1519","0","","pt","Perai , o PSDB é contra o ENEM? PROUNI? E o Aécio nem responde a pergunta direito. Fica falando de saúde e MG. Sei não viu.  #eleições2014","","","[""eleições2014""]","","","",""
"28","14984863","2014-10-25T20:08:06","@LoreVillarro","Lorena Villarroel","0","70","522","1","","pt","RT @AbaldeMaria: Últimas Encuestas. Ibope: Dilma 53% Aécio 47% Datafolha:,Dilma 52% Aécio 48% #BrasilDecide2014 #Eleições2014","","","[""BrasilDecide2014"", ""Eleições2014""]","","","",""
"29","14739999","2014-10-24T08:58:14","@marcelo15061979","marcelo de  souza","0","35","1391","1","","pt","RT @UOLNoticias: Aécio e Dilma correm para conquistar parte dos 10% de “não-voto” http://t.co/pM6ryQprRK #Eleições2014","http://uol.com/bhdYGw","uol.com","[""Eleições2014""]","","","",""
"30","11775662","2014-10-21T07:09:47","@g1","g1","1","14074092","741028","0","","pt","Tema: privatizações. Quem mandou bem? Veja frases de Dilma e Aécio e tuíte: http://t.co/Dj2qThvRM3 #Eleições2014 #G1 http://t.co/pvjZFDxteo","http://glo.bo/10eaCA6","glo.bo","[""Eleições2014"", ""G1""]","","","",""
"31","10837516","2014-10-20T10:22:28","@Magnator","Magnator © 🇧🇷","0","1321","70969","0","","pt","""4 debates no 1° turno. 3 no segundo. 14 horas de falatório e nenhum candidato, em momento algum, falou a palavra #CULTURA."" #eleicoes2014","","","[""CULTURA"", ""eleicoes2014""]","","","",""
"32","15399671","2014-10-25T01:34:22","@avizlovatic","Victor Aviz","0","411","4776","0","","pt","Saiba o que disseram os candidatos a presidente após o último debate http://t.co/j9W7LTx2Ch #G1 #Eleicoes2014","http://glo.bo/1tywFfC","glo.bo","[""G1"", ""Eleicoes2014""]","","","",""
"33","10515154","2014-10-21T00:35:58","@UOLNoticias","UOL Notícias","1","4483490","548568","0","","pt","""PT quer ser dono do Nordeste"", afirma ACM Neto http://t.co/oIVV6pT3py #Eleições2014","http://uol.com/bsdXXz","uol.com","[""Eleições2014""]","","","",""
"34","13720861","2014-10-25T00:49:34","@laboure_lima","Labouré Lima ن🌻🇺🇦 Pray For Ukraine","0","9783","199705","0","","pt","🙏🙏🙏 #oremos “@cancaonova: Vamos nos unir em #oração pelas #Eleições2014 / Assista: / http://t.co/iHzs343g5T”","http://youtu.be/_12pSJxxFP0","youtu.be","[""oremos"", ""oração"", ""Eleições2014""]","","","",""
"35","12445423","2014-10-23T21:13:25","@foreverpemba","foreverpemba","0","4736","125800","1","","pt","RT @ruisaldanha: @ruisaldanha Floresta Amazônica e as #Eleições2014 #Amazônia #Florestas #MeioAmbiente http://t.co/pacbYwkv75 …  #AecioNeves","http://dia-da-terra.blogspot.com/2014/10/qual-e-relacao-entre-floresta-amazonica.html?spref=tw","dia-da-terra.blogspot.com","[""Eleições2014"", ""Amazônia"", ""Florestas"", ""MeioAmbiente"", ""AecioNeves""]","","","",""
"36","12359494","2014-10-23T23:37:39","@deni_vg","Denise Gonçalves","0","1002","42225","1","","pt","RT @cartacapital: #tvCarta #Eleições2014 O que pensam os eleitores de Dilma e Aécio em BH  http://t.co/XwvYZ1wJOw","http://bit.ly/1sULV5d","youtube.com","[""tvCarta"", ""Eleições2014""]","","","",""
"37","10700422","2014-10-20T17:22:30","@ardnas440","JESUS É A SOLUÇÃO","0","10972","376261","1","","pt","RT @g1: Quem mandou bem? Até sexta, compare frases de Dilma e Aécio sobre 10 temas: http://t.co/OFd8BYMN6k #Eleições2014 #G1 http://t.co/lE…","http://glo.bo/10eaCA6","glo.bo","[""Eleições2014"", ""G1""]","","","",""
"38","12427424","2014-10-23T21:48:20","@j3linda","Janaina lopo","0","0","216","1","","pt","RT @EudeTrindade: Prevaricar!  Minha avó usa mto esse termo. #Eleicoes2014 #DebateNaRecord","","","[""Eleicoes2014"", ""DebateNaRecord""]","","","",""
"39","10366045","2014-10-19T13:16:55","@dalton_perote","Dalton Deol","0","47","3539","0","","pt","Artista na política é que nem passas na sobremesa: não combina de jeito nenhum. #Eleicoes2014 #Eleições2014 #segundoturno","","","[""Eleicoes2014"", ""Eleições2014"", ""segundoturno""]","","","",""
"40","15115829","2014-10-25T16:05:01","@lizedomar","LizzeFC","0","1275","35791","1","","pt","RT @zerohora: #eleições2014 Veja se o que Aécio e Dilma disseram no debate é verdade: http://t.co/vkhBAoPBWr","http://zhora.co/10sD9SA","zhora.co","[""eleições2014""]","","","",""
"41","14524509","2014-10-24T16:31:06","@pacepeba","Paulo Bastos🇧🇷🇮🇱","0","351","3681","1","","pt","RT @UOLNoticias: Governo segura divulgação de dados que podem afetar campanha de #Dilma http://t.co/luP7ZvIBj4  #Eleições2014","http://uol.com/bndYqB","uol.com","[""Dilma"", ""Eleições2014""]","","","",""
"42","14612991","2014-10-24T13:36:48","@KarykarKarina","Karina","0","33","1579","1","","pt","RT @g1: Veja desempenho de Dilma e Aécio em SP, RJ, MG, RS e DF, segundo Datafolha http://t.co/KfQfAPnz06 #G1 #Eleições2014 http://t.co/QHf…","http://glo.bo/1wuj0W8","glo.bo","[""G1"", ""Eleições2014""]","","","",""
"43","11590099","2014-10-21T16:02:18","@giseleribeiroo","Antiga e dengosa","0","308","39085","1","","pt","RT @brasilpost: PSDB ou PT? Tumblr mostra diferenças de famosos nos dois governos http://t.co/hVYiL5g6Yg #Eleições2014 http://t.co/npUufFui…","http://huff.to/1FxAOFO","huff.to","[""Eleições2014""]","","","",""
"44","14855898","2014-10-25T23:30:21","@borgesfabiana","INSTAGRAM @BORGESFABI","0","8225","217315","0","","pt","Amém. #eleicões2014 🙏🙏🙏 http://t.co/PueK6PPyAF","http://instagram.com/p/umOp8hCo0l/","instagram.com","[""eleicões2014""]","","","",""
"45","10257731","2014-10-19T19:10:50","@mauricio_coruja","Mauricio Coruja","0","131","4369","1","","pt","RT @Estadao: BLOG: Eleições no Brasil viram gozação na mídia internacional http://t.co/4aMYOIG2FX #Eleições2014 http://t.co/OY4kM9yuZi","http://oesta.do/1t3cB6g","oesta.do","[""Eleições2014""]","","","",""
"46","12526936","2014-10-23T18:29:21","@kellycabrxl","kelly","0","494","64877","1","","pt","RT @g1: Datafolha e Ibope: Dilma aparece pela 1ª vez à frente de Aécio no 2º turno #Eleições2014 #G1 http://t.co/vqmLkmSf1S","http://t.co/vqmLkmSf1S","t.co","[""Eleições2014"", ""G1""]","","","",""
"47","10739948","2014-10-20T15:16:28","@DubaiDiaries","Bibi","0","1737","40763","0","","qme","#ForaDilma #eleicoes2014 #ForaPT #Petrobras #chegaderoubalheiraforadilma #corrupção #Brasil2014 #Aécio45 #Aecio http://t.co/t35XxoxU4a","http://t.co/t35XxoxU4a","t.co","[""ForaDilma"", ""eleicoes2014"", ""ForaPT"", ""Petrobras"", ""chegaderoubalheiraforadilma"", ""corrupção"", ""Brasil2014"", ""Aécio45"", ""Aecio""]","","","",""
"48","12081786","2014-10-22T15:42:34","@VanderleiCJ","Vanderlei Cristovão Jr","0","282","4366","1","","pt","RT @OdeCarvalho: @dilmabr para presidente. Presidente do clube de futebol feminino da Casa de Detenção. #Eleicoes2014","","","[""Eleicoes2014""]","","","",""
"49","14708659","2014-10-24T10:19:45","@josesaikoski1","José Onofre Saikoski","0","13","437","1","","pt","RT @JC_RS: #Eleições2014 Sensus: Aécio tem 54,6% dos votos válidos e Dilma, 45,4% http://t.co/dEoIrxynrD","http://jcrs.uol.com.br/site/noticia.php?codn=177291","jcrs.uol.com.br","[""Eleições2014""]","","","",""
"50","10233077","2014-10-19T20:20:49","@EmersonDaviB","✌#Lula13Presidente","0","961","99173","1","","pt","RT @Estadao: BLOG: Eleições no Brasil viram gozação na mídia internacional http://t.co/4aMYOIG2FX #Eleições2014 http://t.co/OY4kM9yuZi","http://oesta.do/1t3cB6g","oesta.do","[""Eleições2014""]","","","",""
"51","14974435","2014-10-25T20:24:16","@JDarzone","João Darzone","0","273","22225","1","","pt","RT @JC_RS: #Eleições2014 Datafolha: Sartori segue com 60% e Tarso com 40% das intenções de voto http://t.co/PSxYH6vdyV","http://jcrs.uol.com.br/site/noticia.php?codn=177409","jcrs.uol.com.br","[""Eleições2014""]","","","",""
"52","12454234","2014-10-23T20:57:22","@Santos25222874","Santos","0","80","10661","1","","pt","RT @UOLNoticias: Irmã de Lula critica Dilma Rousseff e pede voto em Aécio Neves http://t.co/dCUrZimF1B #Eleições2014","http://bit.ly/1wrEKlp","brasil.blogfolha.uol.com.br","[""Eleições2014""]","","","",""
"53","10630244","2014-10-20T20:38:18","@tavaresjuly","Ju Tavares","0","274","5613","1","","pt","RT @EpocaEleicoes: Datafolha: Dilma 52% e Aécio 48% no segundo turno http://t.co/Bl2XCPtAyQ #Eleições2014 http://t.co/AgZ2dl8pTj","http://glo.bo/1CN3rKZ","glo.bo","[""Eleições2014""]","","","",""
"54","15041238","2014-10-25T18:37:42","@PatativaMoog","Patativa Moog","0","3131","71946","1","","pt","RT @UOLNoticias: Praça em São Paulo recebe cordão carnavalesco pró-Dilma http://t.co/oYmc7sAnwf #eleições2014 #Fotos","http://bit.ly/1zsWF0z","bit.ly","[""eleições2014"", ""Fotos""]","","","",""
"55","15056898","2014-10-25T18:09:09","@leostamillo","Leonardo Stamillo⚡️","0","9411","48095","0","","pt","Matéria interessante sobre #Eleições2014 e redes sociais do @UOL: http://t.co/CyDULWaAx0 Picos de Tweets/min ontem: http://t.co/RVXDHKG6An","http://eleicoes.uol.com.br/2014/noticias/2014/10/24/interacoes-sao-recordes-na-eleicao-mas-redes-nao-alcancam-todo-eleitorado.htm","eleicoes.uol.com.br","[""Eleições2014""]","","","",""
"56","12217051","2014-10-22T09:36:32","@J_oceanman","J.oceanman","0","1070","143049","1","","pt","RT @Portal_HD: Tucanos acreditam na consolidação da candidatura do PSDB http://t.co/l6PMWIBEjb #Eleições2014 #PSDB #Campanha http://t.co/cp…","http://bit.ly/1otmN73","hojeemdia.com.br","[""Eleições2014"", ""PSDB"", ""Campanha""]","","","",""
"57","14950971","2014-10-25T20:58:14","@iodelson","Iodelson 💯 🇧🇷","0","9172","160836","0","","qme","#VotoAecioPeloBR45IL  / #Eleicoes2014  / #VotoAecio45 http://t.co/ngOsdOX6V4","http://t.co/ngOsdOX6V4","t.co","[""VotoAecioPeloBR45IL"", ""Eleicoes2014"", ""VotoAecio45""]","","","",""
"58","11991506","2014-10-22T19:25:46","@Ademirpvai","Ademir","0","649","67622","1","","pt","RT @elpais_brasil: Otimismo com economia mantém liderança de Dilma na disputa eleitoral #datafolha #eleições2014 / http://t.co/ssHYPMBExE htt…","http://ow.ly/D9uyL","brasil.elpais.com","[""datafolha"", ""eleições2014""]","","","",""
"59","11445255","2014-10-21T21:36:04","@luizaCaceres","@luiz.antoniocaceres","0","1603","14873","1","","pt","RT @TerraNoticiasBR: Em Campo Grande, @AecioNeves ironiza Datafolha: “pelo que já vimos, estou eleito” / http://t.co/C8UwPQV7H8 #Eleicoes2014","http://noticias.terra.com.br/eleicoes/aecio-neves/aecio-ironiza-datafolha-pelo-que-ja-vimos-estou-eleito\,32152a781f439410VgnVCM3000009af154d0RCRD.html","noticias.terra.com.br","[""Eleicoes2014""]","","","",""
"60","12740616","2014-10-23T09:54:14","@rudrigovisky","Rudrigo","0","333","1574","1","","pt","RT @atarde: Marina pede votos para Aécio; Dilma defende continuidade http://t.co/76uDHeOnSy #Eleições2014","http://www.atarde.com.br/noticias/1633255","atarde.com.br","[""Eleições2014""]","","","",""
"61","15073320","2014-10-25T17:32:59","@fernandor159","Fernando Eustaquio","0","4016","152899","1","","pt","RT @UOLNoticias: ""Ataque à revista 'Veja' é ataque à democracia"", diz #Aécio Neves http://t.co/UWwzCKDEu4 #Eleições2014","http://uol.com/bvdYvs","uol.com","[""Aécio"", ""Eleições2014""]","","","",""
"62","15140871","2014-10-25T15:14:39","@rsgrec46","Greco46","0","25","403","1","","pt","RT @g1: Chega ao fim corrida eleitoral marcada por agressividade; Veja infográfico do G1 http://t.co/q1K0vq9743 #Eleicoes2014 http://t.co/u…","http://glo.bo/12yV4HW","glo.bo","[""Eleicoes2014""]","","","",""
"63","15088718","2014-10-25T17:02:42","@OpiniaoTV","GenteOpiniãoRondonia","0","2707","77031","1","","pt","RT @agenciabrasil: Em último ato de campanha, Dilma faz caminhada em Porto Alegre http://t.co/pRSAusChSU #Eleicoes2014 #votoavoto http://t.…","http://goo.gl/yo6R2A","goo.gl","[""Eleicoes2014"", ""votoavoto""]","","","",""
"64","12560814","2014-10-23T17:22:56","@telmodiniz","BRASIL","0","763","9833","1","","pt","RT @UOLNoticias: ""Eu acredito!"" vira grito de guerra de tucanos em #MG http://t.co/hcvFFW11iQ #Minas #MinasGerais #Eleições2014","http://uol.com/bndYsG","uol.com","[""MG"", ""Minas"", ""MinasGerais"", ""Eleições2014""]","","","",""
"65","14397084","2014-10-24T20:53:51","@digdigbatista","Diego Batista ","0","31","251","1","","pt","RT @g1: Siga a expectativa para o debate entre Dilma (PT) e Aécio (PSDB) http://t.co/QLRHzNuWLA #DebateNaGlobo #Eleições2014 http://t.co/Sk…","http://glo.bo/1qqswp8","glo.bo","[""DebateNaGlobo"", ""Eleições2014""]","","","",""
"66","12098208","2014-10-22T14:58:28","@fgaldinogeo","Francisco Galdino 🇧🇷","0","359","11103","1","","pt","RT @zerohora: #eleições2014 / Saiba quais documentos são necessários na hora de votar http://t.co/ZG3hmCgagY http://t.co/nt4ZMeDBZ5","http://zhora.co/1yYGIy6","zhora.co","[""eleições2014""]","","","",""
"67","12545360","2014-10-23T17:51:04","@emiaguiar","Emivaldo Aguiar","0","11870","153332","1","","pt","RT @g1: Datafolha e Ibope: Dilma aparece pela 1ª vez à frente de Aécio no 2º turno #Eleições2014 #G1 http://t.co/Q4cK1W6LC1 http://t.co/awQ…","http://t.co/Q4cK1W6LC1","t.co","[""Eleições2014"", ""G1""]","","","",""
"68","11615213","2014-10-21T14:56:51","@BiaBryan","Bia Bryan","0","296","10036","0","","pt","Será que o Aécio e a Lindsay se conheceram em algum rehab? #Eleicoes2014","","","[""Eleicoes2014""]","","","",""
"69","12517624","2014-10-23T18:49:14","@depjoaoananias","João Ananias","0","767","4318","1","","pt","RT @opovoonline: Mais pesquisa: @dilmabr abre vantagem e tem 54%; Aécio tem 46%, segundo Ibope. http://t.co/uf3r1LgLQJ / #Eleições2014 http:/…","http://bit.ly/1zmAokX","bit.ly","[""Eleições2014""]","","","",""
"70","15016288","2014-10-25T19:16:31","@Djcourtsil","Djeison Courtsil","0","869","6857","0","","pt","#Eleições2014 sobre governo do estado: Porque votar num candidato que prefere apoiar a oposição do que o próprio... http://t.co/bQaXjmpXcv","http://fb.me/3gBDqE12v","fb.me","[""Eleições2014""]","","","",""
"71","13801416","2014-10-24T23:59:44","@luisaottk","TikTok luisaugustofs","0","99184","31251","1","","pt","RT @marcogomes: A mulher é economista formada e a Dilma está mandando ela ir fazer curso no SENAI p/ se ""requalificar"". PQP. #eleicoes2014 …","","","[""eleicoes2014""]","","","",""
"72","14133469","2014-10-24T22:51:22","@cunhaemerson","Emerson Cunha","0","182","3772","0","","qme","#eleicoes2014 #VotoAecioPeloBR45IL http://t.co/7IMHZwT5xv","http://t.co/7IMHZwT5xv","t.co","[""eleicoes2014"", ""VotoAecioPeloBR45IL""]","","","",""
"73","12474627","2014-10-23T20:22:53","@Bobmeirelles","Roberto Meirelles","0","1984","125015","1","","pt","RT @g1: Datafolha, votos válidos no DF: Rollemberg tem 57%; e Frejat, 43% http://t.co/gTncciZ8Zc #Eleições2014 #G1","http://glo.bo/1oyT8t8","glo.bo","[""Eleições2014"", ""G1""]","","","",""
"74","10013407","2014-10-19T23:16:47","@djony","Jonatan Meneghetti","0","503","8947","1","","pt","RT @ColunaFabioAlve: Quem assiste ao debate pode achar que Dilma está concorrendo ao governo de Minas e não à Presidência #ELEIÇÕES2014","","","[""ELEIÇÕES2014""]","","","",""
"75","11580071","2014-10-21T16:29:08","@albertobleal","alberto b leal","0","310","3432","1","","pt","RT @elianalima: A declaração da modelo e ativista Naomi Campbell e da atriz Lindsay Lohan de apoio a #Aecio entram nos TTs #Eleicoes2014","","","[""Aecio"", ""Eleicoes2014""]","","","",""
"76","14445054","2014-10-24T19:24:00","@brasitalia100","Sonia D. S. Santana - #Traduttrice/Tradutora","0","275","16567","0","","pt","Ah...eu compartilho esse vídeo com um toque a mais: para ver e ouvir o meu querido Lima Duarte!  /  / #eleiçoes2014 http://t.co/RZ22AB1U5F","http://fb.me/3BslUZtNd","fb.me","[""eleiçoes2014""]","","","",""
"77","14838041","2014-10-24T01:03:13","@biballg","sandra lucia gonçalv","0","1300","98678","1","","pt","RT @UOLNoticias: Militantes do PT e do PSDB entraram em confronto no centro de São Paulo http://t.co/AhlYW1hK55 #Eleições2014","http://bit.ly/1tmVzii","www1.folha.uol.com.br","[""Eleições2014""]","","","",""
"78","12514881","2014-10-23T18:54:55","@ariadnerochaa","Ari","0","106","1240","1","","pt","RT @g1: Datafolha e Ibope: Dilma aparece pela 1ª vez à frente de Aécio no 2º turno #Eleições2014 #G1 http://t.co/Q4cK1W6LC1 http://t.co/awQ…","http://t.co/Q4cK1W6LC1","t.co","[""Eleições2014"", ""G1""]","","","",""
"79","13729437","2014-10-25T00:41:23","@dominiofeminino","Dominio Feminino","0","6347","221477","0","","pt","#ÉAecio45Confirma #ALERTA FRAUDE POSSÍVEL.  /  / #DebateNaGlobo / #Eleicoes2014 http://t.co/cL9JzVGWZN","http://t.co/cL9JzVGWZN","t.co","[""ÉAecio45Confirma"", ""ALERTA"", ""DebateNaGlobo"", ""Eleicoes2014""]","","","",""
"80","14650945","2014-10-24T12:28:22","@lucrjviola","Luc","0","3096","557253","1","","pt","RT @brasilpost: Dilma 54% X Aécio 46% http://t.co/vpJgt3d0VV #Ibope #Eleições2014 http://t.co/O2a9vVvmsT","http://huff.to/1sdTznc","huff.to","[""Ibope"", ""Eleições2014""]","","","",""
"81","10525814","2014-10-21T00:08:23","@tarciofabricio","Tárcio Fabrício","0","1091","31368","1","","pt","RT @agenciabrasil: #Eleicoes2014 Dilma diz que até 2018 universalizará a banda larga no país http://t.co/vvhI6G4wKj","http://bit.ly/1pvxsJ7","agenciabrasil.ebc.com.br","[""Eleicoes2014""]","","","",""
"82","13716345","2014-10-25T00:54:34","@Deborah_Ab","Deborah Ab","0","284","5982","1","","pt","RT @claudiotognolli: Dilma mandou economista estudar no Pronatec, hehehhehehhe #Eleicoes2014","","","[""Eleicoes2014""]","","","",""
"83","11634195","2014-10-21T14:04:58","@blogdejamildo","Blog de Jamildo","0","108368","85252","0","","pt","Em Goiana, tudo pronto para chegada de Dilma e Lula na cidade. Antes a dupla visita a fábrica da Fiat. #Eleicoes2014 http://t.co/IU0biVKcP1","http://t.co/IU0biVKcP1","t.co","[""Eleicoes2014""]","","","",""
"84","12548783","2014-10-23T17:44:43","@Fabricio_Carva","Vou de Bike!!!","0","1704","186455","1","","pt","RT @g1: Dilma tem 54%, e Aécio, 46% dos votos válidos, diz pesquisa Ibope http://t.co/WCj1QygO0v #G1 #Eleições2014 http://t.co/k9OPPrg70e","http://glo.bo/1xe7BtD","glo.bo","[""G1"", ""Eleições2014""]","","","",""
"85","10153221","2014-10-19T22:32:02","@pedro007augusto","Pedro Duarte","0","216","321","0","","pt","""Vamos falar no presente e apontar soluções para o futuro."" Aécio Neves #AecioEmTodoBrasil #DebateNaRecord #Eleições2014","","","[""AecioEmTodoBrasil"", ""DebateNaRecord"", ""Eleições2014""]","","","",""
"86","14079862","2014-10-24T22:59:48","@Claudio_Arenas","YO CLAVDIO","0","1412","34958","1","","pt","RT @Portal_HD: Aécio fala sobre 'desejo de libertação dos brasileiros' http://t.co/E97G1ZZCoH #Eleições2014 #HojeEmDia http://t.co/kFnvRtwQ…","http://bit.ly/1tsGSKN","hojeemdia.com.br","[""Eleições2014"", ""HojeEmDia""]","","","",""
"87","10203101","2014-10-19T21:37:31","@severo_v","Janice v Severo","0","250","157259","1","","pt","RT @g1: TRE apreende material de campanha de Aécio em evento religioso no Ceará http://t.co/b1mqad7Mwf #Eleições2014 #G1 http://t.co/xje3fC…","http://glo.bo/11RGawj","glo.bo","[""Eleições2014"", ""G1""]","","","",""
"88","10181984","2014-10-19T22:16:48","@Martakratz","Marta Kratz® ♻️⛺️🐶","0","339","6992","1","","pt","RT @g1: Acompanhe em tempo real o terceiro debate entre Aécio e Dilma http://t.co/nHk5Ed4a06 #Eleições2014 #G1","http://glo.bo/1uqMeT8","glo.bo","[""Eleições2014"", ""G1""]","","","",""
"89","10552692","2014-10-20T23:11:33","@flaviosoares78","Flávio Soares","0","301","40049","0","","pt","#Eleições2014 Com PT não há democracia, nem liberdade, diz Guzzo http://t.co/zCiZpHl3y8 #EuVotoAécio45 #Presidente #MudaBrasil","http://ln.is/veja.abril.com.br/mu/lP0JU","ln.is","[""Eleições2014"", ""EuVotoAécio45"", ""Presidente"", ""MudaBrasil""]","","","",""
"90","11861441","2014-10-22T23:51:32","@danibrumAV","Dani Brum","0","702","12964","1","","pt","RT @LIABSSA: Para Aécio, campanha de Dilma ficará para a história pelo ‘mais baixo nível' #eleições2014 http://t.co/k9fHOFBDcd via @Jornald…","http://jb.com.br/.er3v","jb.com.br","[""eleições2014""]","","","",""
"91","12750702","2014-10-23T09:22:59","@ruisaldanha","DiadaTerra","0","5626","763884","0","","pt","#AecioNeves   / “Ou ficar a Pátria livre ou morrer pelo  Brasil!” /  http://t.co/Px4lZOJuvS   / #Eleições2014 http://t.co/FmrSjmHuQE","http://dia-da-terra.blogspot.com/2012/11/hino-da-independencia-do-brasil_12.html?spref=tw","dia-da-terra.blogspot.com","[""AecioNeves"", ""Eleições2014""]","","","",""
"92","13777377","2014-10-25T00:09:44","@LauraLautert66","Laura Lautert","0","109","4050","1","","pt","RT @marcogomes: A mulher é economista formada e a Dilma está mandando ela ir fazer curso no SENAI p/ se ""requalificar"". PQP. #eleicoes2014 …","","","[""eleicoes2014""]","","","",""
"93","14974437","2014-10-25T20:24:16","@joedlabrito","Jo B. #timbeta","0","290","7492","1","","pt","RT @RedeGlobo: Acompanhe a cobertura das #Eleições2014 na Globo. http://t.co/4CCyjXo4po","http://glo.bo/eSiJIJ","glo.bo","[""Eleições2014""]","","","",""
"94","11496582","2014-10-21T19:56:45","@CAAMG","CAA/MG","0","1463","6138","0","","pt","O povo brasileiro, ao longo dos últimos tempos, clama por mudanças  #AntonioAnastasia #Eleições2014 #ConferênciaOAB","","","[""AntonioAnastasia"", ""Eleições2014"", ""ConferênciaOAB""]","","","",""
"95","11691286","2014-10-21T11:50:00","@BrennoFerraz","Brenno","0","769","73290","0","","pt",". @sandradesa diz ao vivo na @RedeGlobo que vota em @AecioNeves? É isso mesmo produção? #Eleicoes2014 #euvoudeaecio","","","[""Eleicoes2014"", ""euvoudeaecio""]","","","",""
"96","14968342","2014-10-25T20:33:29","@g_puccajr","Gilberto A. Pucca Jr","0","1668","11187","1","","pt","RT @UOLNoticias: Ibope mostra Dilma reeleita; Datafolha aponta empate técnico http://t.co/X3dAQhpzNp #Eleições2014","http://uol.com/bddYGn","uol.com","[""Eleições2014""]","","","",""
"97","14928632","2014-10-25T21:29:44","@daniellimas","Daniel Lima 😷","0","1130","13618","0","","pt","Eleições: Roraima institui Lei Seca e proíbe saques acima de R$ 10 mil http://t.co/ptokTVVvnu #Eleicoes2014 http://t.co/GjXBIY2Raj","http://goo.gl/ENcsQt","goo.gl","[""Eleicoes2014""]","","","",""
"98","14926713","2014-10-25T21:32:38","@markvynny","agente do kaos","0","796","60573","1","","pt","RT @Teledramaturgia: É PRA GLORIFICAR DE PÉ! RT @celsodossi: Amanhã acaba esse parto de #Eleicoes2014 . Eu ouço um amém, igreja?","","","[""Eleicoes2014""]","","","",""
"99","15233594","2014-10-25T12:15:26","@adrianopagani","adrianopagani","0","31707","25862","0","","ht","DJ Bonner #eleicoes2014 http://t.co/93qr6y13zq","http://fb.me/6TXGRLY6S","fb.me","[""eleicoes2014""]","","","",""
"100","13833072","2014-10-24T23:43:52","@corretorajcs","JCS Corretora de Seguros","0","11135","14647","1","","pt","RT @OdeCarvalho: A última esperança petista é o ministro Toffolidido. #Eleicoes2014","","","[""Eleicoes2014""]","","","",""
"101","15043113","2014-10-25T18:35:24","@UOLNoticias","UOL Notícias","1","4487743","549524","0","","pt","#Dilma, com 52%, e #Aécio, com 48%, estão em empate técnico, aponta Datafolha http://t.co/ruRMMbRak4 #Eleições2014","http://uol.com/bsdYnB","uol.com","[""Dilma"", ""Aécio"", ""Eleições2014""]","","","",""
"102","14587775","2014-10-24T14:20:55","@EricoFeitosa","Erico Feitosa","0","2028","6982","0","","pt","Está chegando o grandi dia em que prevalecerá o mais preperado para comandar nossa nação. Vote conciente!!! #Eleicoes2014","","","[""Eleicoes2014""]","","","",""
"103","10899751","2014-10-20T04:56:09","@honorato_flavio","Flavio Honorato","0","9","65","1","","pt","RT @g1: TSE determina que PT tire do ar trechos de acusações a Aécio http://t.co/Ma9Sky6SQ9 #Eleições2014 #G1","http://glo.bo/1rSP0P7","glo.bo","[""Eleições2014"", ""G1""]","","","",""
"104","9858589","2014-10-20T00:16:50","@bryanvidatitia","Hellen","0","15648","115215","1","","pt","RT @g1: Dilma e Aécio amenizam o tom e discutem propostas em debate http://t.co/ixGTY3RwV9 #Eleições2014 #G1 http://t.co/nTBuLPrTCZ","http://glo.bo/1sEiUun","glo.bo","[""Eleições2014"", ""G1""]","","","",""
"105","11954163","2014-10-22T20:42:48","@fzanquetta","#ForaPoliticosCorrupos","0","866","76225","1","","pt","RT @UOLNoticias: #Lula cita William Bonner e Miriam Leitão em crítica à imprensa durante comício http://t.co/37yBSytcsC #Eleições2014","http://uol.com/bwdYpd","uol.com","[""Lula"", ""Eleições2014""]","","","",""
"106","13877221","2014-10-24T23:34:57","@DouglasFaria10","Douglas Faria","0","299","4093","0","","pt","Estudos e os últimos debates apontam... Dilma criou o Loren Ipsum. #soudev #Eleicoes2014 #DebateNaGlobo","","","[""soudev"", ""Eleicoes2014"", ""DebateNaGlobo""]","","","",""
"107","14226053","2014-10-24T22:34:11","@edienefmoraes","edienefm","0","98","1437","0","","pt","Joga banana pra macacada do auditório #Eleicoes2014","","","[""Eleicoes2014""]","","","",""
"108","10830915","2014-10-20T10:45:41","@promoterfacewan","#TODOSCONTRAOPT","0","335","10544","1","","pt","RT @UOLNoticias: Marina aparece sem coque, e Aécio a elogia: ""Está muito bonita"" http://t.co/EaxKgnmYJv #Eleições2014 http://t.co/MmOJVgrryu","http://uol.com/bhdX7b","uol.com","[""Eleições2014""]","","","",""
"109","15364945","2014-10-25T03:24:08","@Rodit__","Rodrigo Britto A.K.A RoDiTera!","0","319","6206","1","","pt","RT @marcogomes: A mulher é economista formada e a Dilma está mandando ela ir fazer curso no SENAI p/ se ""requalificar"". PQP. #eleicoes2014 …","","","[""eleicoes2014""]","","","",""
"110","12717333","2014-10-23T10:58:51","@pramaricelia12","Pra Maricelia","0","260","6732","0","","pt","Apenas 25 candidatos com título religioso no nome de urna s eleitos.Triste! http://t.co/grcppom0Zn #G1 #Eleições2014 http://t.co/lLi9at3TOY”","http://glo.bo/ZOFk20","glo.bo","[""G1"", ""Eleições2014""]","","","",""
"111","14409155","2014-10-24T20:35:26","@LMisna","buganvília","0","472","60729","1","","pt","RT @g1: Irmã de Lula grava vídeo em que pede votos para Aécio no segundo turno http://t.co/V1kFzD6E1a #Eleições2014 #G1 http://t.co/HysRZiu…","http://glo.bo/1rmPxd0","glo.bo","[""Eleições2014"", ""G1""]","","","",""
"112","15043136","2014-10-25T18:35:23","@marildauzier","Marilda Auzier","0","71","1419","1","","pt","RT @g1: Às 18h30, veja as últimas pesquisas Datafolha e Ibope, no G1 http://t.co/CUQFUxYzRR #Eleicoes2014 #G1","http://glo.bo/1p6gaVJ","glo.bo","[""Eleicoes2014"", ""G1""]","","","",""
"113","12528382","2014-10-23T18:25:50","@cohabcohab","LUIZ ANTONIO  BUENO","0","21","85","1","","pt","RT @g1: Datafolha e Ibope: Dilma aparece pela 1ª vez à frente de Aécio no 2º turno #Eleições2014 #G1 http://t.co/vqmLkmSf1S","http://t.co/vqmLkmSf1S","t.co","[""Eleições2014"", ""G1""]","","","",""
"114","11747405","2014-10-21T09:13:18","@HernanMundo","Hernán Mundo","0","3600","63584","1","","pt","RT @JornaldoBrasil: #eleições2014 / Datafolha: Dilma Roussef tem 52% dos votos válidos e Aécio Neves, 48%  / http://t.co/3LjKhF8MFE","http://jb.com.br/.erYM","jb.com.br","[""eleições2014""]","","","",""
"115","12533474","2014-10-23T18:15:42","@mikhaelbueno_","Mikhael Bueno","0","751","6369","1","","pt","RT @g1: Datafolha e Ibope: Dilma aparece pela 1ª vez à frente de Aécio no 2º turno #Eleições2014 #G1 http://t.co/vqmLkmSf1S","http://t.co/vqmLkmSf1S","t.co","[""Eleições2014"", ""G1""]","","","",""
"116","9838988","2014-10-20T00:39:20","@matheustetih","Matheus Tetih","0","6409","20308","1","","pt","RT @ColunaFabioAlve: Nova pesquisa Ibope de intenção de voto sai na quinta-feira, dia 23 #ELEIÇÕES2014","","","[""ELEIÇÕES2014""]","","","",""
"117","14467308","2014-10-24T18:37:23","@MinhaCarta","Carlos Renato Amaral","0","26","222","1","","pt","RT @UOL: Na TV, Dilma Rousseff afirma que a VEJA faz ""terrorismo eleitoral"" http://t.co/HPI5RjX5i4 #Eleições2014 http://t.co/6F774MsMgN","http://bit.ly/1tjMR5E","uol.com.br","[""Eleições2014""]","","","",""
"118","12191425","2014-10-22T10:53:38","@gabislosaski","Gabrielle","0","594","13916","1","","pt","RT @g1: Dilma tem 52%, e Aécio, 48% dos votos válidos, diz pesquisa Datafolha http://t.co/7amhvgASzp #Eleições2014 #G1 http://t.co/WqhwIgj9…","http://glo.bo/10lu51Z","glo.bo","[""Eleições2014"", ""G1""]","","","",""
"119","10306517","2014-10-19T16:34:34","@Ddantas","Diógenes Dantas","0","33405","70392","0","","pt","Reta final da campanha. #eleicões2014 http://t.co/Qeiza2u4DD","http://instagram.com/p/uWCTUyDnzM/","instagram.com","[""eleicões2014""]","","","",""
"120","9864997","2014-10-20T00:11:44","@ocIaudioqueiroz","claudio","0","650","35466","1","","pt","RT @g1: Dilma e Aécio amenizam o tom e discutem propostas em debate http://t.co/ixGTY3RwV9 #Eleições2014 #G1 http://t.co/nTBuLPrTCZ","http://glo.bo/1sEiUun","glo.bo","[""Eleições2014"", ""G1""]","","","",""
"121","12314533","2014-10-22T01:06:32","@EnzoScalettiJr","EnzoScalettiJr","0","776","21353","1","","pt","RT @cacildanc: #VemPraRuaDia22, às 19h00, no Largo da Batata: EM FAVOR DO BRASIL! #eleicoes2014 ~ http://t.co/yUlKM4wwmu #Eleicoes2014","http://youtu.be/lBqxa2z--BI","youtu.be","[""VemPraRuaDia22"", ""eleicoes2014"", ""Eleicoes2014""]","","","",""
"122","14375204","2014-10-24T21:29:05","@junior_madeira","★Junior★ 🌎 World BR","0","2031","4627","1","","pt","RT @iodelson: JN não tocou no escândalo da Dilma/Youssef Porquê será... / #VotoAecioPeloBR45IL  / #Eleicoes2014 http://t.co/iEvZOmjxTh","http://t.co/iEvZOmjxTh","t.co","[""VotoAecioPeloBR45IL"", ""Eleicoes2014""]","","","",""
"123","12551447","2014-10-23T17:39:47","@blogbymel","Rejane (Mel)","0","2528","75132","1","","pt","RT @g1: Irmã de Lula grava vídeo em que pede votos para Aécio no segundo turno http://t.co/V1kFzD6E1a #Eleições2014 #G1 http://t.co/HysRZiu…","http://glo.bo/1rmPxd0","glo.bo","[""Eleições2014"", ""G1""]","","","",""
"124","12567437","2014-10-23T17:11:59","@wladymirfilho","Wladymir Filho","0","886","33440","1","","pt","RT @g1: Dilma tem 54%, e Aécio, 46% dos votos válidos, diz pesquisa Ibope http://t.co/96PnCUzUVI #G1 #Eleições2014 http://t.co/k9OPPrg70e","http://glo.bo/1xe7BtD","glo.bo","[""G1"", ""Eleições2014""]","","","",""
"125","11778008","2014-10-21T06:56:58","@bella_el_amor","Isabella Lagos","0","191","4364","1","","pt","RT @g1: 'Eu era excessivamente generosa', diz Dilma sobre elogios a Aécio http://t.co/aW8IEbbfIt #Eleições2014 #G1 http://t.co/nq1qY2BoKm","http://glo.bo/1r6zDn9","glo.bo","[""Eleições2014"", ""G1""]","","","",""
"126","14345108","2014-10-24T22:11:06","@kyAnonyky","KyAnonon 💕🇧🇷","0","1103","38722","0","","pt","COMEÇOU O DEBATE  NA  GLOBO #Eleicoes2014","","","[""Eleicoes2014""]","","","",""
"127","15203215","2014-10-25T13:16:36","@Leandrojfe","Leandrojfe","0","263","2722","0","","pt","Sério ... ainda to tentando imaginar uma economista de 55 anos estudando no SENAI #Eleicoes2014","","","[""Eleicoes2014""]","","","",""
"128","10652765","2014-10-20T19:57:33","@brunouesso","Bruno Uesso 🦬","0","281","18464","0","","pt","A festa da democracia, as #Eleições2014, estão mais panis et circenses que a #Copa2014... êta ano pra foder peão!","","","[""Eleições2014"", ""Copa2014""]","","","",""
"129","10112710","2014-10-19T22:46:12","@recordtvbsb","Record TV Brasília","1","40699","115314","0","","pt","Aécio se questiona por que ao longo de tantos anos nada foi impedido #Eleições2014 #OVotonaRecord #debatenarecord","","","[""Eleições2014"", ""OVotonaRecord"", ""debatenarecord""]","","","",""
"130","12470083","2014-10-23T20:31:30","@Macaxe","Ulisses  Machado","0","1213","357496","1","","pt","RT @g1: Aprovação do governo Dilma é de 45%, indica pesquisa Ibope http://t.co/QSwGh4W5Jo #Eleições2014 #G1","http://glo.bo/1z1OBCL","glo.bo","[""Eleições2014"", ""G1""]","","","",""
"131","10859197","2014-10-20T09:03:32","@g1politica","G1 - Política","0","295396","69023","0","","pt","Dilma se encontra com os dois candidatos ao governo do RJ http://t.co/oTTqtrXSoB #Eleições2014 #G1","http://glo.bo/1t2Rks4","glo.bo","[""Eleições2014"", ""G1""]","","","",""
"132","14221672","2014-10-24T22:34:44","@emersonamsantos","Emerson Santos - Lula é 13 👊🏻🚩♥️","0","301","13029","0","","pt","""Práticas valem mais que palavras vazias..."" Quem conhece Aécio na pratica... Não vota nele!!! #Eleicoes2014","","","[""Eleicoes2014""]","","","",""
"133","12018018","2014-10-22T18:28:02","@AmandaImagem","Amanda Oliveira","0","1254","13763","0","","pt","“@lapena: ninguém sabe o que querem os indecisos. nem eles!  / A DÚVIDA DOS INDECISOS http://t.co/Xxzya3uWcV  / #Eleicoes2014” kkk boa","http://casseta.me/1FE7Sfo","casseta.me","[""Eleicoes2014""]","","","",""
"134","15042407","2014-10-25T18:36:13","@ullhodet","Mari","0","367","2081","1","","pt","RT @UOLNoticias: #Dilma, com 52%, e #Aécio, com 48%, estão em empate técnico, aponta Datafolha http://t.co/ruRMMbRak4 #Eleições2014","http://uol.com/bsdYnB","uol.com","[""Dilma"", ""Aécio"", ""Eleições2014""]","","","",""
"135","12474833","2014-10-23T20:22:32","@thiagosouzaleo","thiago souza leão","0","373","1266","1","","pt","RT @g1: G1 transmite ao vivo debates do 2º turno em 13 estados e no DF http://t.co/G6Z69AhdG8 #Eleições2014 #G1 http://t.co/j3LGj35Vlb","http://glo.bo/1nB0VFS","glo.bo","[""Eleições2014"", ""G1""]","","","",""
"136","10624573","2014-10-20T20:47:52","@renatoliman","𝚁𝙻’ 🇫🇷","0","531","123436","0","","pt","Ê Brasil.. RT @g1: Dilma tem 52%, e Aécio, 48% dos votos válidos, aponta Datafolha http://t.co/Mkh0hWLLjT #G1 #Eleicoes2014","http://glo.bo/1wguKMx","glo.bo","[""G1"", ""Eleicoes2014""]","","","",""
"137","14649155","2014-10-24T12:31:57","@ivoroberto__7","ivo.chichorro","0","303","16704","1","","pt","RT @barretonessa: Os únicos negros da campanha de Aécio são atores globais, povo q é bom necas #Dilma13PraVencer #Eleicoes2014","","","[""Dilma13PraVencer"", ""Eleicoes2014""]","","","",""
"138","12007315","2014-10-22T18:52:18","@joeduardoaraujo","Eduardo Araujo","0","2971","143551","1","","pt","RT @jornalodia: Para apoiar #Aécio Neves, #Romário exige distância de #Ronaldo Fenômeno / #ELEIÇÕES2014 /  http://t.co/o9aUt73St0","http://ow.ly/DaUdk","odia.ig.com.br","[""Aécio"", ""Romário"", ""Ronaldo"", ""ELEIÇÕES2014""]","","","",""
"139","12062351","2014-10-22T16:33:07","@ronaldomatias5","ronaldo matias","0","176","83681","1","","pt","RT @UOLNoticias: #Lula diz que eleitores de #Marina têm 'obrigação' de votar em #Dilma http://t.co/jYOFrLiS7L #Eleições2014","http://uol.com/bbdYFk","uol.com","[""Lula"", ""Marina"", ""Dilma"", ""Eleições2014""]","","","",""
"140","12650191","2014-10-23T13:42:40","@tukillern","Marcos Aurélio...🇧🇷🇮🇱🇺🇲","0","1255","3063","1","","pt","RT @g1: Irmã de Lula grava vídeo em que pede votos para Aécio no segundo turno http://t.co/V1kFzD6E1a #Eleições2014 #G1 http://t.co/HysRZiu…","http://glo.bo/1rmPxd0","glo.bo","[""Eleições2014"", ""G1""]","","","",""
"141","12154770","2014-10-22T12:30:43","@leninhatt","Leninha Nascimentto","0","127","1334","1","","pt","RT @congemfoco: #Eleicoes2014 Instituto Veritá, contratado pela Ediminas S.A.: Aécio tem 53,2% dos votos válidos; Dilma, 46,8% http://t.co/…","","","[""Eleicoes2014""]","","","",""
"142","12584737","2014-10-23T16:30:32","@acbithencourt","andreia68","0","21","1469","1","","pt","RT @UOLNoticias: ""Eu acredito!"" vira grito de guerra de tucanos em #MG http://t.co/hcvFFW11iQ #Minas #MinasGerais #Eleições2014","http://uol.com/bndYsG","uol.com","[""MG"", ""Minas"", ""MinasGerais"", ""Eleições2014""]","","","",""
"143","15290594","2014-10-25T10:07:44","@jhonys_oficial","𝐉𝐡𝐨𝐧𝐲𝐬 𝐝𝐚 𝐒𝐢𝐥𝐯𝐚","0","9216","69424","0","","und","#Eleições2014 / #EuVotoAécio45 / #EuVotoMarina40 / #MudaBrasil / #SouMarina40 / #AgoraSouAécio45 / #NãoVamosDesistirDoBrasil... http://t.co/j6ljiJqZWq","http://fb.me/7LpsxFrAW","fb.me","[""Eleições2014"", ""EuVotoAécio45"", ""EuVotoMarina40"", ""MudaBrasil"", ""SouMarina40"", ""AgoraSouAécio45"", ""NãoVamosDesistirDoBrasil""]","","","",""
"144","14063839","2014-10-24T23:02:34","@pii_visconti","Senhorita Pizinha ℹ️","0","1189","81470","0","","pt","Dilmecio - o confronto final! #eleicoes2014 http://t.co/1jG16qqfGQ","http://t.co/1jG16qqfGQ","t.co","[""eleicoes2014""]","","","",""
"145","10274011","2014-10-19T18:20:02","@cecisneves","🌵 c e c i","0","672","51433","0","","pt","Eitaa começoou! 💙💛💙 #pegafogo #adoro #Eleicoes2014 #debatecorreio","","","[""pegafogo"", ""adoro"", ""Eleicoes2014"", ""debatecorreio""]","","","",""
"146","14169332","2014-10-24T22:44:25","@pfraga","Plínio Fraga","0","897","2245","0","","pt","Na eleição passada, Serra andava para distrair Dilma como Aécio faz agora. É técnica /  / #Eleicoes2014","","","[""Eleicoes2014""]","","","",""
"147","10318859","2014-10-19T15:51:12","@sissavieira","Sissa Vieira","0","78","1306","1","","pt","RT @MichelTemer: (AI) Faltam 7 dias para as #Eleições2014 http://t.co/QczQdnrbOJ","http://t.co/QczQdnrbOJ","t.co","[""Eleições2014""]","","","",""
"148","12183924","2014-10-22T11:14:55","@geledes","Geledés Instituto da Mulher Negra","1","69130","43787","0","","pt","O macho branco, heterossexual, rico e mandão se manifesta em pelo na corrida presidencial http://t.co/np3KFbdQlt #geledes #eleiçoes2014","http://ow.ly/D9NNy","geledes.org.br","[""geledes"", ""eleiçoes2014""]","","","",""
"149","14901155","2014-10-25T22:13:36","@fernandeschris","Christine Fernandes","0","89369","16088","0","","pt","#Eleicoes2014 o PT nao é maior que o Brasil.Reeleger corrupção é cuspe na cara.Pense em mudança.Se nada mudar, em 4, a gente muda de novo!","","","[""Eleicoes2014""]","","","",""
"150","15224646","2014-10-25T12:34:13","@OctavianoTatau","Octaviano  Tatau","0","1312","383266","1","","pt","RT @OGloboPolitica: Ato pró-Aécio reúne mil pessoas na manhã deste sábado em São Paulo http://t.co/jXtktJhhNy #Eleicoes2014","http://glo.bo/1xnIVyI","glo.bo","[""Eleicoes2014""]","","","",""
"151","10052094","2014-10-19T23:04:48","@ddelcima","Dilson Del Cima","0","753","35950","1","","pt","RT @claudiotognolli: Gabrielli em 2012 disse publicamente que o PT mandava na Petrobras: https://t.co/Z480nie7FJ  #Eleicoes2014","https://br.noticias.yahoo.com/blogs/claudio-tognolli/exclusivo-presidente-da-petrobras-admitiu-que-pt-213445440.html","br.noticias.yahoo.com","[""Eleicoes2014""]","","","",""
"152","10437844","2014-10-19T09:00:42","@pcvsousa","Pessoa Fenotipicamente Cearense","0","372","7330","0","","pt","Vejam um show de ""discursos vazios"" dos típicos eleitores do Arrocho Neves. / #PraRir / #Eleições2014 http://t.co/yn24BlQopb","http://fb.me/1Q8y9y6dd","fb.me","[""PraRir"", ""Eleições2014""]","","","",""
"153","14859598","2014-10-25T23:23:40","@cmm103019174","🇧🇷 🧚 𝗖𝗠𝗠 𝗖𝗮𝗿𝘁𝗼𝗹𝗮 𝗙𝗖 (de 🏠) 🏆 🎗","0","22299","241254","0","","pt","FLAMENGO É O PSDB E O BOTAFOGO SAI PETRALHANDO TUDO /  / PEITA AS #ELEICOES2014","","","[""ELEICOES2014""]","","","",""
"154","11569502","2014-10-21T16:56:30","@Jonato_Sheeran","Maria 🐝","0","1136","44733","1","","pt","RT @g1: Tema: privatizações. Quem mandou bem? Veja frases de Dilma e Aécio e tuíte: http://t.co/Dj2qThvRM3 #Eleições2014 #G1 http://t.co/pv…","http://glo.bo/10eaCA6","glo.bo","[""Eleições2014"", ""G1""]","","","",""
"155","12553222","2014-10-23T17:36:33","@doug_alves23","Doug Alves 🤓","0","322","2739","1","","pt","RT @g1: No Datafolha e no Ibope, Dilma aparece pela primeira vez à frente de Aécio no 2º turno #Eleições2014 #G1 http://t.co/Q4cK1W6LC1","http://t.co/Q4cK1W6LC1","t.co","[""Eleições2014"", ""G1""]","","","",""
"156","14408219","2014-10-24T20:36:54","@jornal_pp","Primeira Página","0","450","58755","0","","pt","Aécio fala sobre 'desejo de libertação dos brasileiros' #Eleições2014 http://t.co/MHHKdxwk5j http://t.co/Ne6fBVvlfY","http://tinyurl.com/qas8asc","tinyurl.com","[""Eleições2014""]","","","",""
"157","10010210","2014-10-19T23:17:49","@Macaxe","Ulisses  Machado","0","1213","357540","1","","pt","RT @jos_cosmo: #Eleicoes2014 #DebateNaRecord ESTOU VENDO O #Aecio45 UM Collor! #Igualzinho ao Discurso do Collor quando era #candidatopresi…","","","[""Eleicoes2014"", ""DebateNaRecord"", ""Aecio45"", ""Igualzinho""]","","","",""
"158","10711597","2014-10-20T16:48:42","@Alex_DE_Sandro","Planeta Regeneração!","0","3814","158368","1","","pt","RT @redebomdia: #eleições2014  Pesquisa da CNT/MDA mostra Dilma Rousseff (PT) à frente de Aécio Neves (PSDB). http://t.co/I6F1gkHDbI.","http://ow.ly/D2SUt","diariosp.com.br","[""eleições2014""]","","","",""
"159","12568963","2014-10-23T17:09:30","@LaercioNSilva","🏆🐷(42 de 45) █Laercio N Silva▓💿","0","3300","50601","1","","pt","RT @g1: URGENTE: Dilma tem 54%, e Aécio, 46% dos votos válidos, diz pesquisa Ibope http://t.co/96PnCUzUVI #G1 #Eleições2014","http://glo.bo/1xe7BtD","glo.bo","[""G1"", ""Eleições2014""]","","","",""
"160","10254063","2014-10-19T19:22:34","@hudsonmsilva87","Hudson ...2020","0","15692","55521","1","","qme","RT @JanainaSiquei28: #vempraurna #eleições2014 http://t.co/7XtUVhOpnH","http://t.co/7XtUVhOpnH","t.co","[""vempraurna"", ""eleições2014""]","","","",""
"161","11398500","2014-10-21T23:12:01","@DeaDorea","Andrea Dorea","0","1123","154458","0","","pt","“@celsodossi: Lula acabou um comício no nordeste comparando tucanos com nazistas (WTF?) http://t.co/OxRioPl1vv” #Eleicoes2014 Nojo!","http://veja.abril.com.br/noticia/brasil/em-tom-raivoso-lula-agora-compara-tucanos-a-nazistas?utm_source=redesabril_veja&utm_medium=twitter&utm_campaign=redesabril_veja&utm_content=feed&","veja.abril.com.br","[""Eleicoes2014""]","","","",""
"162","14729246","2014-10-24T09:28:50","@Cassian0sn","Cassiano","0","41","1001","1","","es","RT @diarioonline: Candidatos evitam confrontos na TV no último debate http://t.co/5c34HoA7Zu #Eleições2014 #CapaDoDia #Notícias","http://svmar.es/1D5YRHO","svmar.es","[""Eleições2014"", ""CapaDoDia"", ""Notícias""]","","","",""
"163","10018943","2014-10-19T23:15:08","@NivalneiLeite","Nivalnei Leite","0","187","6754","1","","pt","RT @claudiotognolli: Gabrielli em 2012 disse publicamente que o PT mandava na Petrobras: https://t.co/Z480nie7FJ  #Eleicoes2014","https://br.noticias.yahoo.com/blogs/claudio-tognolli/exclusivo-presidente-da-petrobras-admitiu-que-pt-213445440.html","br.noticias.yahoo.com","[""Eleicoes2014""]","","","",""
"164","14726938","2014-10-24T09:34:54","@sonochoroefome","renenê","0","566","74447","1","","pt","RT @g1: Compare o que Dilma e Aécio disseram sobre 50 assuntos http://t.co/bozKhDe70D #G1 #Eleições2014 http://t.co/CWAU5ctoZ9","http://glo.bo/1vXvGXe","glo.bo","[""G1"", ""Eleições2014""]","","","",""
"165","12147275","2014-10-22T12:50:17","@ardg","Ana Rita D Guimaraes","0","454","22887","1","","pt","RT @atarde: Aécio: Letícia Sabatella denuncia uso indevido de vídeo http://t.co/NnpSHsBjit #Eleições2014","http://www.atarde.com.br/noticias/1633009","atarde.com.br","[""Eleições2014""]","","","",""
"166","10618677","2014-10-20T20:58:19","@DrCoral10","Danilo","0","1589","25937","1","","pt","RT @EpocaEleicoes: Datafolha: Dilma 52% e Aécio 48% no segundo turno http://t.co/Bl2XCPtAyQ #Eleições2014 http://t.co/AgZ2dl8pTj","http://glo.bo/1CN3rKZ","glo.bo","[""Eleições2014""]","","","",""
"167","12027861","2014-10-22T18:04:10","@FelipeBastosJr","Felipe","0","8272","370382","1","","pt","RT @g1politica: Vice de Aécio diz acreditar em vitória nas urnas no próximo domingo http://t.co/2HkMWijoCz #G1 #Eleições2014 http://t.co/GG…","http://glo.bo/1rqDo69","glo.bo","[""G1"", ""Eleições2014""]","","","",""
"168","15130507","2014-10-25T15:34:49","@mariannacmarq","No🇧🇷 o crime compensa👉 STF","0","2221","87125","1","","pt","RT @renatadangelo: O MASP esta verde, amarelo, azul e branco #VemPraRua25deOutubro  #EAecio45Confirma #Eleicoes2014 #Aecio45PeloBrasil http…","","","[""VemPraRua25deOutubro"", ""EAecio45Confirma"", ""Eleicoes2014"", ""Aecio45PeloBrasil""]","","","",""
"169","15086454","2014-10-25T17:07:36","@Lore_Gustavo","GUSTAVO","0","435","9731","1","","pt","RT @renatadangelo: O MASP esta verde, amarelo, azul e branco #VemPraRua25deOutubro  #EAecio45Confirma #Eleicoes2014 #Aecio45PeloBrasil http…","","","[""VemPraRua25deOutubro"", ""EAecio45Confirma"", ""Eleicoes2014"", ""Aecio45PeloBrasil""]","","","",""
"170","9863100","2014-10-20T00:13:10","@maricar_doso","mari","0","945","48978","1","","pt","RT @g1: Dilma e Aécio amenizam o tom e discutem propostas em debate http://t.co/ixGTY3RwV9 #Eleições2014 #G1 http://t.co/nTBuLPrTCZ","http://glo.bo/1sEiUun","glo.bo","[""Eleições2014"", ""G1""]","","","",""
"171","14590496","2014-10-24T14:16:03","@Lavras_MG","Lavras - MG","0","2200","3449","0","","pt","Hoje tem o último Debate Na TV Globo, cabe a você assistir e ver se as ideias do seu candidato realmente converge com as suas #Eleicoes2014","","","[""Eleicoes2014""]","","","",""
"172","14890365","2014-10-25T22:31:47","@Linha4Amarela","Linha 4 Amarela","0","13840","20457","0","","pt","CPTM funciona normalmente neste domingo. http://t.co/0yCqHPG7yz #MetroSP #CPTM #Eleicoes2014","http://bit.ly/1txgP56","bit.ly","[""MetroSP"", ""CPTM"", ""Eleicoes2014""]","","","",""
"173","10764251","2014-10-20T14:03:04","@StFilipe","Filipe Neri Soares","0","93","2674","1","","pt","RT @UOLNoticias: Pesquisa CNT/MDA mostra Dilma com 45,5% e Aécio com 44,5% das intenções de voto http://t.co/Ef6diyG4p6 #Eleições2014","http://uol.com/bfdYnz","uol.com","[""Eleições2014""]","","","",""
"174","14991746","2014-10-25T19:57:16","@catarinazs","Catarina","0","64","3322","1","","pt","RT @g1: Dilma tem 53%, e Aécio, 47% dos votos válidos, aponta Ibope http://t.co/ZQyjjTn2sr  #Eleições2014 #G1 http://t.co/Z2X6szGPsM","http://glo.bo/1DcMQ3k","glo.bo","[""Eleições2014"", ""G1""]","","","",""
"175","13787487","2014-10-25T00:05:43","@EnioBruno","Bruno Aquino","0","1098","58384","1","","pt","RT @elianalima: O combate às drogas não é problema de polícia, mas sim de educação, ações sociais e cidadania #eleicoes2014","","","[""eleicoes2014""]","","","",""
"176","12163341","2014-10-22T12:08:49","@arbsousa","Alex Sousa 22 🇧🇷","0","93","4543","1","","pt","RT @g1: O tema é saúde. Quem mandou bem? Veja frases de Dilma e Aécio e tuíte: http://t.co/Dj2qThvRM3 #Eleições2014 #G1 http://t.co/xguN5E3…","http://glo.bo/10eaCA6","glo.bo","[""Eleições2014"", ""G1""]","","","",""
"177","14653103","2014-10-24T12:23:30","@Kayky_Ferreiraa","Kayky ","0","128","641","0","","pt","ainda bem que ja vai cabar essa merda das #Eleicoes2014","","","[""Eleicoes2014""]","","","",""
"178","12231150","2014-10-22T08:50:07","@AlexBodoga","Alex Bodoga","0","73","642","1","","pt","RT @g1: Dilma tem 52%, e Aécio, 48% dos votos válidos, diz pesquisa Datafolha http://t.co/d7oTRLJrCq #Eleições2014 #G1 http://t.co/WqhwIgj9…","http://glo.bo/10lu51Z","glo.bo","[""Eleições2014"", ""G1""]","","","",""
"179","12173130","2014-10-22T11:43:02","@ladydegotham","bibi magali","0","776","34974","1","","pt","RT @g1: Dilma tem 52%, e Aécio, 48% dos votos válidos, diz pesquisa Datafolha http://t.co/d7oTRLJrCq #Eleições2014 #G1","http://glo.bo/10lu51Z","glo.bo","[""Eleições2014"", ""G1""]","","","",""
"180","14152028","2014-10-24T22:47:46","@MarciaSilvaCWB1","Marcia Silva","0","32","284","0","","pt","A Dilma caprichou na base e no óleo de peroba #Eleicoes2014","","","[""Eleicoes2014""]","","","",""
"181","12366848","2014-10-23T23:25:03","@aovivogzh","Ao Vivo GZH","1","194249","19774","0","","pt","Fim do debate. Sartori e Tarso se cumprimentam. #eleicoes2014 http://t.co/qeSHqb7rM2","http://t.co/qeSHqb7rM2","t.co","[""eleicoes2014""]","","","",""
"182","14716902","2014-10-24T09:59:50","@panoramalavras","Panorama Lavrense","0","1444","63861","1","","pt","RT @JC_RS: #Eleições2014 TSE disponibiliza novamente simulador da urna eletrônica http://t.co/7OmecLdeSR","http://jcrs.uol.com.br/site/noticia.php?codn=177289","jcrs.uol.com.br","[""Eleições2014""]","","","",""
"183","10100282","2014-10-19T22:50:05","@marinho_gabriel","marinho ✊🏾","0","265","16177","0","","pt","ADEMG INFORMA: sai 'no que se refere', entra 'eu fico estarrecida'. #debatenarecord #eleições2014","","","[""debatenarecord"", ""eleições2014""]","","","",""
"184","14418019","2014-10-24T20:18:03","@FORTISAGRO","FORTISAGRO S/A","0","7085","100917","0","","pt","“@UOLNoticias: Ibope: Em duas semanas, #Dilma sobe e #Aécio cai entre http://t.co/5t63F1wJLj #Eleições2014” http://t.co/gZJ3z8hyM0","http://uol.com/bkdYLB","uol.com","[""Dilma"", ""Aécio"", ""Eleições2014""]","","","",""
"185","10624620","2014-10-20T20:47:48","@SrtaClara_","Ana Clara Ferreira","0","461","58211","1","","pt","RT @g1: Dilma tem 52%, e Aécio, 48% dos votos válidos, aponta Datafolha http://t.co/zisQvO4E15 #G1 #Eleicoes2014","http://glo.bo/1wguKMx","glo.bo","[""G1"", ""Eleicoes2014""]","","","",""
"186","15029344","2014-10-25T18:54:32","@demetrioandrade","Demétrio Andrade","0","3308","55726","1","","pt","RT @g1: Dilma tem 53%, e Aécio, 47% dos votos válidos, aponta Ibope http://t.co/ZQyjjTn2sr  #Eleições2014 #G1 http://t.co/Z2X6szGPsM","http://glo.bo/1DcMQ3k","glo.bo","[""Eleições2014"", ""G1""]","","","",""
"187","12463556","2014-10-23T20:42:04","@OctavianoTatau","Octaviano  Tatau","0","1312","383266","0","","pt","@bbcbrasil @silva_marina #Eleições2014 Pesquisas indicam Dilma à frente, mas 'eleitor volátil' pode definir eleição http://t.co/pTlv3y88ld","http://bbc.in/1vV6ZuK","bbc.in","[""Eleições2014""]","","","",""
"188","11801956","2014-10-21T03:32:36","@eratostenes","Eratóstenes Araújo","0","329","30349","0","","pt","@infomoney Só lembro da política dos gov. PT http://t.co/2oWKlyGAdB #Eleicoes2014","http://bit.ly/1ooAynr","youtube.com","[""Eleicoes2014""]","","","",""
"189","12443346","2014-10-23T21:17:29","@goes_son","sonia regina","0","645","18508","1","","pt","RT @UOLNoticias: Irmã de Lula critica Dilma Rousseff e pede voto em Aécio Neves http://t.co/dCUrZimF1B #Eleições2014","http://bit.ly/1wrEKlp","brasil.blogfolha.uol.com.br","[""Eleições2014""]","","","",""
"190","12571580","2014-10-23T17:05:07","@biggreyy","Big Grey 🌵🐍","0","3183","151712","1","","pt","RT @g1: URGENTE: Dilma tem 54%, e Aécio, 46% dos votos válidos, diz pesquisa Ibope http://t.co/96PnCUzUVI #G1 #Eleições2014","http://glo.bo/1xe7BtD","glo.bo","[""G1"", ""Eleições2014""]","","","",""
"191","14869463","2014-10-25T23:06:29","@carlotaalbino","Carla Furtad","0","32","1263","1","","pt","RT @g1: Datafolha, votos válidos: Pezão tem 55% e Crivella, 45%, no Rio de Janeiro http://t.co/yADeSqrVBP  / #Eleições2014 #G1","http://glo.bo/1sn6C5Z","glo.bo","[""Eleições2014"", ""G1""]","","","",""
"192","12485973","2014-10-23T19:59:33","@si_bastos","Simone Bastos","0","645","105662","1","","pt","RT @g1: O tema é aborto. Quem mandou bem? Veja frases de Dilma e Aécio: http://t.co/Dj2qThvRM3 #Eleições2014 #G1 http://t.co/rYnTtEeHe3","http://glo.bo/10eaCA6","glo.bo","[""Eleições2014"", ""G1""]","","","",""
"193","12411481","2014-10-23T22:15:50","@skatrimm","🇧🇷 Sergio Rimeira 🇧🇷","0","554","17622","1","","pt","RT @g1: Datafolha, votos válidos no RS: Sartori tem 60%, e Tarso, 40% http://t.co/zb2768Hs1N #Eleições2014 #G1","http://glo.bo/1tgDfbP","glo.bo","[""Eleições2014"", ""G1""]","","","",""
"194","10734734","2014-10-20T15:33:58","@wcotrim","Weskley Cotrim","0","157","8933","0","","pt","@GordoGeek É sério isso? #Eleicoes2014","","","[""Eleicoes2014""]","","","",""
"195","13745445","2014-10-25T00:26:55","@ranymontanini","Ranielle Montanini 🇾🇪","0","732","15608","1","","pt","RT @marcogomes: A mulher é economista formada e a Dilma está mandando ela ir fazer curso no SENAI p/ se ""requalificar"". PQP. #eleicoes2014 …","","","[""eleicoes2014""]","","","",""
"196","13975999","2014-10-24T23:18:18","@cassiosg70","Cássio S.Gonçalves","0","1765","28147","1","","pt","RT @OdeCarvalho: A última esperança petista é o ministro Toffolidido. #Eleicoes2014","","","[""Eleicoes2014""]","","","",""
"197","14560701","2014-10-24T15:14:12","@RickaRolim","Rinaldo Rolim","0","44","115","1","","pt","RT @g1: G1 transmite ao vivo debate da Globo nesta sexta http://t.co/xj4KPLqlrP #G1 #Eleições2014 #DebateNaGlobo http://t.co/E35wJ1zbqy","http://glo.bo/1tQgWe3","glo.bo","[""G1"", ""Eleições2014"", ""DebateNaGlobo""]","","","",""
"198","15292051","2014-10-25T10:03:29","@jhonys_oficial","𝐉𝐡𝐨𝐧𝐲𝐬 𝐝𝐚 𝐒𝐢𝐥𝐯𝐚","0","9216","69424","0","","pt","Veja o debate completo realizado pela TV Globo entre Aécio Neves e sua oponente (Segundo Turno). /  / #Eleições2014... http://t.co/2Shapef4o0","http://fb.me/2YIy08hTG","fb.me","[""Eleições2014""]","","","",""
"199","14872346","2014-10-25T23:01:48","@DiariodaCPTM","Diário da CPTM","0","209125","94641","0","","pt","Todas as linhas operam normalmente neste domingo. #CPTM #Metrosp #Eleições2014","","","[""CPTM"", ""Metrosp"", ""Eleições2014""]","","","",""
"200","12767335","2014-10-23T08:26:53","@renatotars","Renato","0","875","17740","0","","pt","#Chupa !! Após #Eleições2014 ... // RT @MetroJornal_SP: Pane no sistema de energia da #CPTM afeta linhas 8 e 9 - http://t.co/U7jIa5qTXM","http://www.metrojornal.com.br/?p=137739","metrojornal.com.br","[""Chupa"", ""Eleições2014"", ""CPTM""]","","","",""
"201","14877272","2014-10-25T22:53:23","@GibaSmaniotto","Giba Smaniotto","0","2473","8080","0","","pt","Parabéns!!! “@camiltuchlinski: Fechando última reportagem de agenda dos candidatos após 4 meses de cobertura eleitoral. Ufa. #Eleições2014","","","[""Eleições2014""]","","","",""
"202","15146707","2014-10-25T15:03:10","@mariliakit5","marilia guimaraes","0","30190","17882","0","","qht","#Voto13 #Dilma13 #SomosTodosDilma #Eleições2014","","","[""Voto13"", ""Dilma13"", ""SomosTodosDilma"", ""Eleições2014""]","","","",""
"203","10744757","2014-10-20T15:01:58","@MPF_AP","MPF no Amapá","1","17631","4043","0","","pt","#Eleicoes2014 Propaganda paga no Facebook gera representação contra cinco candidatos. Saiba quem são: http://t.co/v7UdzC0kUa","http://www.preap.mpf.mp.br/news/pre-ap-propaganda-paga-no-facebook-gera-representacao-contra-cinco-candidatos","preap.mpf.mp.br","[""Eleicoes2014""]","","","",""
"204","14620724","2014-10-24T13:24:18","@ReginaLucena","Regina Lucena 🇧🇷","0","2329","93821","1","","pt","RT @g1: Veja desempenho de Dilma e Aécio em SP, RJ, MG, RS e DF, segundo Datafolha http://t.co/KfQfAPnz06 #G1 #Eleições2014 http://t.co/QHf…","http://glo.bo/1wuj0W8","glo.bo","[""G1"", ""Eleições2014""]","","","",""
"205","13774827","2014-10-25T00:10:48","@estefanoss","Estéfano","0","203","10057","1","","pt","RT @marcogomes: Jardim Paulista, bairro nobre de SP. Muitos gritos de Fora Dilma nas janelas dos condomínios chiques. #eleicoes2014 #tv","","","[""eleicoes2014"", ""tv""]","","","",""
"206","11936262","2014-10-22T21:16:52","@sandrabuarque","Sandra  Buarque","0","2345","71468","0","","pt","Cadê a militância ?? https://t.co/MIEwbSqvq9 #Brasil #Eleicoes2014 #Facebook","https://m.facebook.com/story.php?story_fbid=873742279304301&id=100000056124821","m.facebook.com","[""Brasil"", ""Eleicoes2014"", ""Facebook""]","","","",""
"207","10014692","2014-10-19T23:16:24","@h_dutra","Herbet Costa Dutra","0","1228","74728","1","","pt","RT @claudiotognolli: Aécio: ""Proponho uma proposta""  ""Vou enfrentar de frente"".  Falow então  #Eleicoes2014","","","[""Eleicoes2014""]","","","",""
"208","12115530","2014-10-22T14:10:52","@Guttto","Guto Menna 🏳️‍🌈","0","6211","193176","0","","pt","Com eleições em pauta, grupos recusam rótulo de 'minorias' e buscam igualdade http://t.co/Kua02FFYZH #cidadania #direitos #eleições2014","http://ln.is/ow.ly/Cz4bo","ln.is","[""cidadania"", ""direitos"", ""eleições2014""]","","","",""
"209","12550908","2014-10-23T17:40:42","@Jfelipetavares","João Felipe","0","193","4006","1","","pt","RT @g1: Dilma tem 54%, e Aécio, 46% dos votos válidos, diz pesquisa Ibope http://t.co/WCj1QygO0v #G1 #Eleições2014 http://t.co/k9OPPrg70e","http://glo.bo/1xe7BtD","glo.bo","[""G1"", ""Eleições2014""]","","","",""
"210","14530771","2014-10-24T16:17:40","@Fantabnu","Fernando da silva","0","298","6219","1","","pt","RT @rafaeldbo: ""Ah que maravilha, a Dilma pra papuda e o Aécio pra Brasília"". #Eleições2014, #VotoAecioPeloBR45IL. PRA CIMA!","","","[""Eleições2014"", ""VotoAecioPeloBR45IL""]","","","",""
"211","10318435","2014-10-19T15:52:43","@favela247","Favela 247","0","793","2075","0","","pt","Artigo repudia favela como curral eleitoral: http://t.co/b5HYnl5WSw / #favela247 #eleições2014","http://bit.ly/11RrEo8","bit.ly","[""favela247"", ""eleições2014""]","","","",""
"212","14224617","2014-10-24T22:34:22","@marcogomes","marcogomes","1","125091","220239","0","","pt","Meu Deus que patada o Aécio deu na Dilma sobre conhecimento do Congresso Nacional. #eleicoes2014 #tv","","","[""eleicoes2014"", ""tv""]","","","",""
"213","10823551","2014-10-20T11:10:30","@DiarioSP","Diário de S. Paulo","0","39656","81709","0","","pt","#Eleições2014 Aécio Neves deve processar Dilma http://t.co/6P2NlMeinj","http://ow.ly/D1ESF","diariosp.com.br","[""Eleições2014""]","","","",""
"214","10359566","2014-10-19T13:35:33","@pupiloalpha","Paulo Mesquita","0","46","9079","0","","qme","#eleicoes2014 #acordabrasil #mudabrasil #maiseducacao http://t.co/ezdvotWtWV","http://fb.me/6ZrdNcxkm","fb.me","[""eleicoes2014"", ""acordabrasil"", ""mudabrasil"", ""maiseducacao""]","","","",""
"215","14489312","2014-10-24T17:49:13","@doijunior","doijunior (he/him/his) 🐙 13","0","586","2208","0","","pt","e chegou a hora da verdade quem estará comemorando na segunda-feira? #Eleicoes2014","","","[""Eleicoes2014""]","","","",""
"216","12353231","2014-10-23T23:48:02","@vladdico","Vladimir Oliveira","0","848","215662","1","","pt","RT @g1: Ibope, votos válidos no RJ: Dilma tem 58%, e Aécio, 42% http://t.co/7y6DSTX6RJ #Eleições2014 #G1","http://glo.bo/1wvdNPH","glo.bo","[""Eleições2014"", ""G1""]","","","",""
"217","15374182","2014-10-25T02:39:51","@ShiraRossana","🌎💦💙Ana Maria 28🌎💦💙","0","7405","89550","1","","pt","RT @flaviosoares78: #Eleições2014 #Aecio45PeloBrasil Pessoal! É hoje dia 25! VEM PRA RUA!!! TODOS UNIDOS NO BRASIL INTEIRO POR AÉCIO... htt…","","","[""Eleições2014"", ""Aecio45PeloBrasil""]","","","",""
"218","12759316","2014-10-23T08:55:02","@AyrtonSennaLive","Ayrton Senna Live 🇧🇷","0","2720","15462","0","","pt","O ""Doctor"" sabe tudo: Vai de Aécio Neves! #LOL #Eleicoes2014 / . / . http://t.co/EnbQO4rQWt","http://fb.me/3H3GgFeGV","fb.me","[""LOL"", ""Eleicoes2014""]","","","",""
"219","11830397","2014-10-21T01:15:33","@CorrResende","Ana Paula Corrêa","0","726","10596","1","","pt","RT @OdeCarvalho: Só mesmo a Bolha de S. Paulo para chamar isto de ""empate técnico"": / https://t.co/LB6NmpK4yV #Eleicoes2014","https://www.facebook.com/video.php?v=750615774974427","facebook.com","[""Eleicoes2014""]","","","",""
"220","14206205","2014-10-24T22:37:08","@RenataRC_Canjik","Renata Canjik🤘🏻","0","338","33254","0","","qme","#MeuVotoÉ45#MudaBrasil#AgoraÉAécioNeves#Eleiçoes2014#NãoVamosDesistirDoBrasil http://t.co/rENVLJfOyJ","http://instagram.com/p/ujjxMwSx4e/","instagram.com","[""MeuVotoÉ45"", ""MudaBrasil"", ""AgoraÉAécioNeves"", ""Eleiçoes2014"", ""NãoVamosDesistirDoBrasil""]","","","",""
"221","12526254","2014-10-23T18:31:14","@prmichael2","Michael Rodrigues","0","36","455","1","","pt","RT @g1: Irmã de Lula grava vídeo em que pede votos para Aécio no segundo turno http://t.co/V1kFzD6E1a #Eleições2014 #G1 http://t.co/HysRZiu…","http://glo.bo/1rmPxd0","glo.bo","[""Eleições2014"", ""G1""]","","","",""
"222","12761493","2014-10-23T08:47:32","@RRD_RE","Rose","0","200","9666","1","","pt","RT @UOLNoticias: Empregos, salários e universidades explicam sucesso de #Dilma no Nordeste http://t.co/clymdygnYY #Eleições2014","http://uol.com/bfdYBH","uol.com","[""Dilma"", ""Eleições2014""]","","","",""
"223","14980863","2014-10-25T20:14:21","@brandaoricardos","o brandão","0","239","5371","1","","pt","RT @g1: Datafolha, votos válidos: Camilo tem 52%, e Eunício, 48%, no Ceará http://t.co/hwEXosCtG8 #Eleições2014 #G1","http://glo.bo/1z8SFRW","glo.bo","[""Eleições2014"", ""G1""]","","","",""
"224","12530270","2014-10-23T18:22:00","@FABIOAGUAYO","FABIO AGUAYO","0","2928","48203","0","","pt","""@g1: Aécio diz que pesquisas que indicam Dilma à frente são 'estímulo' http://t.co/RIc3IvL2Fx #Eleições2014 #G1""","http://glo.bo/10qOxyi","glo.bo","[""Eleições2014"", ""G1""]","","","",""
"225","10316087","2014-10-19T16:00:34","@dakotabalzak","cidadão da cidade ","0","159","1056","1","","pt","RT @Estadao: CORREÇÃO: Propaganda de Aécio que fala de irmão de Dilma é suspensa pelo TSE #Eleições2014  http://t.co/JtUqsqvnCe http://t.co…","http://oesta.do/ZBf0YL","oesta.do","[""Eleições2014""]","","","",""
"226","11823026","2014-10-21T01:42:23","@pmdbtrabalho","PMDB BAL. PINHAL","0","292","1698","1","","pt","RT @UOLNoticias: Veja a evolução de Dilma e Aécio nas pesquisas http://t.co/SspCxo8sdv #Eleições2014","http://uol.com/bcdX3H","uol.com","[""Eleições2014""]","","","",""
"227","12546191","2014-10-23T17:49:34","@costa_rui","Rui Costa","1","226404","32821","1","","pt","RT @g1: Datafolha e Ibope: Dilma aparece pela 1ª vez à frente de Aécio no 2º turno #Eleições2014 #G1 http://t.co/Q4cK1W6LC1 http://t.co/awQ…","http://t.co/Q4cK1W6LC1","t.co","[""Eleições2014"", ""G1""]","","","",""
"228","13777064","2014-10-25T00:09:52","@fehhribas","Fê","0","213","54870","1","","pt","RT @marcogomes: A mulher é economista formada e a Dilma está mandando ela ir fazer curso no SENAI p/ se ""requalificar"". PQP. #eleicoes2014 …","","","[""eleicoes2014""]","","","",""
"229","12771672","2014-10-23T08:09:55","@andrecadmo","André Cadmo","0","70","1316","1","","pt","RT @UOLNoticias: Governo segura divulgação de dados que podem afetar campanha de #Dilma http://t.co/luP7ZvIBj4  #Eleições2014","http://uol.com/bndYqB","uol.com","[""Dilma"", ""Eleições2014""]","","","",""
"230","12761414","2014-10-23T08:47:54","@c6ccc0b6f83947f","Andreza Soares","0","2","38","1","","pt","RT @g1: Dilma e Aécio amenizam o tom e discutem propostas em debate http://t.co/ixGTY3RwV9 #Eleições2014 #G1 http://t.co/nTBuLPrTCZ","http://glo.bo/1sEiUun","glo.bo","[""Eleições2014"", ""G1""]","","","",""
"231","13878283","2014-10-24T23:34:44","@tuccano","Ramiro Nascimento","0","111","2264","0","","pt","Nem liguei a televisão direito e já vi o pau quebrando!  kkk  #eleições2014","","","[""eleições2014""]","","","",""
"232","12612367","2014-10-23T15:15:51","@stanistonn","caralho, sofia","0","962","92771","1","","pt","RT @g1: Horário de verão atrasará anúncio do resultado da eleição presidencial http://t.co/9mxiZE2urt #G1 #Eleições2014","http://glo.bo/1zmnAep","glo.bo","[""G1"", ""Eleições2014""]","","","",""
"233","11396821","2014-10-21T23:15:41","@JUBIRACY","Jubiracy Alves","0","1563","125964","1","","pt","RT @zerohora: #eleições2014 Ibope: Sartori lidera com 53%, Tarso aparece com 37% http://t.co/0WSgBq0v1u http://t.co/cmxfXlZLr4","http://zhora.co/1orj0Ht","zhora.co","[""eleições2014""]","","","",""
"234","14010800","2014-10-24T23:12:42","@lucas_rabbelo","lucas rabelo","0","856","78360","0","","pt","Dima recebendo palmas, MILAGRE #DebateDaGlobo #Eleições2014","","","[""DebateDaGlobo"", ""Eleições2014""]","","","",""
"235","10769758","2014-10-20T13:45:54","@francenilson131","Francenilson Santos ","0","0","23","1","","pt","RT @TerraNoticiasBR: Dilma faz campanha com Crivella no RJ e ataca Aécio: ""se ajoelharam para o FMI"" / http://t.co/QVuUFQ9G6U #Eleicoes2014","http://noticias.terra.com.br/eleicoes/dilma-rousseff/dilma-faz-ato-no-rj-e-ataca-aecio-se-ajoelharam-para-fmi\,459b98e3aed29410VgnVCM10000098cceb0aRCRD.html","noticias.terra.com.br","[""Eleicoes2014""]","","","",""
"236","12668904","2014-10-23T13:00:23","@DanyPalmeiraa","Dany-se !","0","271","22493","0","","pt","Bom dia sociedade, hora de exercer seu papel de cidadão! #Votar #Eleições2014","","","[""Votar"", ""Eleições2014""]","","","",""
"237","10814573","2014-10-20T11:37:42","@araujonai","Naiara Araujo","0","157","3233","0","","pt","Pesquisa CNT/MDA mostra Dilma com 50,5% e Aécio com 49,5% das intenções de voto #eleições2014","","","[""eleições2014""]","","","",""
"238","12475795","2014-10-23T20:20:38","@jaquellyne_beta","jaqueline oliveira","0","257","859","1","","pt","RT @g1: Aprovação do governo Tarso Genro é de 36%, indica Datafolha no RS http://t.co/U2xbhLUilw #Eleições2014 #G1","http://glo.bo/ZK0uxT","glo.bo","[""Eleições2014"", ""G1""]","","","",""
"239","15044939","2014-10-25T18:33:16","@SargentoNunes","Donizete Nunes","0","191","1983","1","","pt","RT @renatadangelo: O MASP esta verde, amarelo, azul e branco #VemPraRua25deOutubro  #EAecio45Confirma #Eleicoes2014 #Aecio45PeloBrasil http…","","","[""VemPraRua25deOutubro"", ""EAecio45Confirma"", ""Eleicoes2014"", ""Aecio45PeloBrasil""]","","","",""
"240","14384477","2014-10-24T21:13:08","@Davaro7","Daniel Vasconcellos","0","599","39920","1","","pt","RT @iodelson: JN não tocou no escândalo da Dilma/Youssef Porquê será... / #VotoAecioPeloBR45IL  / #Eleicoes2014 http://t.co/iEvZOmjxTh","http://t.co/iEvZOmjxTh","t.co","[""VotoAecioPeloBR45IL"", ""Eleicoes2014""]","","","",""
"241","15133732","2014-10-25T15:28:40","@EdgarRusso","Edgar Russo","0","452","5783","0","","pt","O lula deveria se entregar e tentar algum tipo de delação premiada. Já a Dilma deveria renunciar para evitar um impeachment #Eleições2014","","","[""Eleições2014""]","","","",""
"242","14761159","2014-10-24T07:47:24","@patrickbob_rios","Patrick Rios TimBeta","0","165","880","1","","pt","RT @g1: O tema é segurança. Quem mandou bem? Veja frases de Dilma e Aécio e tuíte: http://t.co/Dj2qThvRM3 #Eleições2014 #G1 http://t.co/5A1…","http://glo.bo/10eaCA6","glo.bo","[""Eleições2014"", ""G1""]","","","",""
"243","10425980","2014-10-19T10:00:30","@rodrigo_firmino","Rodrigo Firmino","0","1887","19517","1","","pt","RT @sibelefausto: Elio Gaspari: Todos soltos, todos soltos, até hoje http://t.co/9LbjtGtLXe via @Be_neviani #eleicoes2014 (todos soltos do …","http://naofo.de/1nnd","sedo.com","[""eleicoes2014""]","","","",""
"244","14252947","2014-10-24T22:29:55","@prncssconsuela2","amandaviotti.o","0","118","23488","0","","pt","Leva esse debate pra Vara de Família pra ver essa disputa pela guarda do ""Bolsa Família"". #VemPraUrna #Eleições2014 #DebateNaGlobo","","","[""VemPraUrna"", ""Eleições2014"", ""DebateNaGlobo""]","","","",""
"245","12493703","2014-10-23T19:42:21","@xianhfc","Jian","0","508","29849","1","","pt","RT @g1: Ibope, votos válidos no RJ: Dilma tem 58%, e Aécio, 42% http://t.co/7y6DSTX6RJ #Eleições2014 #G1","http://glo.bo/1wvdNPH","glo.bo","[""Eleições2014"", ""G1""]","","","",""
"246","13922705","2014-10-24T23:27:08","@MiriamFidelis","Miriam Fidélis","0","85","190","0","","pt","@g1 #Eleicoes2014  a luva de pelica abre espaço para as de boxe!","","","[""Eleicoes2014""]","","","",""
"247","14627650","2014-10-24T13:14:44","@profetiza_vida","Profetizando Vida","0","5248","1215","0","","pt","Deus deseja ver o #Brasil curado. / Assista à #mensagem do pastor Márcio Valadão: http://t.co/pMmzgVRAoH / #eleições2014","http://bit.ly/1t8CfFI","bit.ly","[""Brasil"", ""mensagem"", ""eleições2014""]","","","",""
"248","9902193","2014-10-19T23:54:30","@GabiihReeis","Gabssss","0","134","11672","1","","pt","RT @joaochiodini: Estou cansado dessas promessas que não se cumprem! Não vou tomar nutrilipo! #DebateNaRecord #Eleições2014","","","[""DebateNaRecord"", ""Eleições2014""]","","","",""
"249","14324934","2014-10-24T22:17:24","@CCarranca","Coletivo Carranca","0","494","691","0","","pt",". Boletins apócrifos perdidos na terra santa da editora Abriu's . Candidato... #DebateNaGlobo #Eleicoes2014","","","[""DebateNaGlobo"", ""Eleicoes2014""]","","","",""
"250","11494872","2014-10-21T20:00:28","@luuan__","Luan","0","1448","324485","1","","pt","RT @PlantaoRS: #ELEIÇÕES2014: Pesquisa IBOPE para presidente APENAS NO RS: / Aécio: 48% / Dilma: 42% / Brancos e nulos: 7% / Não sabe ou não respon…","","","[""ELEIÇÕES2014""]","","","",""
"251","14478394","2014-10-24T18:13:12","@cuentosycircoGP","Cuentos y Circo","0","796","3324","0","","pt","Domingo iremos transmitir ao vivo a apuração das #Eleicoes2014. / Acompanhe pelo nosso canal  http://t.co/3KnBDnpMds http://t.co/H16OESUXpo","http://youtube.com/agenciacyc","youtube.com","[""Eleicoes2014""]","","","",""
"252","14531852","2014-10-24T16:15:21","@rio_verdade","Verdade Rio","0","286","8562","1","","pt","RT @UOLNoticias: Governo segura divulgação de dados que podem afetar campanha de #Dilma http://t.co/luP7ZvIBj4  #Eleições2014","http://uol.com/bndYqB","uol.com","[""Dilma"", ""Eleições2014""]","","","",""
"253","12036439","2014-10-22T17:42:35","@luannapp","Luanah","0","183","3778","0","","pt","""@UOLNoticias: #Lula ataca PSDB pq n está se sentindo vitorioso diz #Aécio http://t.co/j5nc8zfAhe #Eleições2014"" Vitória sera dia 26! Dilma!","http://uol.com/bndYml","uol.com","[""Lula"", ""Aécio"", ""Eleições2014""]","","","",""
"254","11484712","2014-10-21T20:21:36","@giuschneider1","Giuliano Schneider🇧🇷","0","2236","131783","1","","pt","RT @PlantaoRS: #ELEIÇÕES2014: Pesquisa IBOPE para presidente APENAS NO RS: / Aécio: 48% / Dilma: 42% / Brancos e nulos: 7% / Não sabe ou não respon…","","","[""ELEIÇÕES2014""]","","","",""
"255","10520070","2014-10-21T00:23:07","@UOLNoticias","UOL Notícias","1","4483498","548569","0","","pt","Em clima de 'já virou', #Dilma e #Lula fazem ato com artistas e intelectuais http://t.co/3cK1QAHvxV #Eleições2014","http://uol.com/bcdYsv","uol.com","[""Dilma"", ""Lula"", ""Eleições2014""]","","","",""
"256","11761271","2014-10-21T08:17:43","@rlpadilha","Rodrigo Padilha","0","336","9971","1","","pt","RT @g1: 'Eu era excessivamente generosa', diz Dilma sobre elogios a Aécio http://t.co/yrSS7Fh1Hf #Eleições2014 #G1 http://t.co/nq1qY2BoKm","http://glo.bo/1r6zDn9","glo.bo","[""Eleições2014"", ""G1""]","","","",""
"257","12206958","2014-10-22T10:07:55","@drluigibraga","Luigi Braga","0","3749","8438","1","","pt","RT @CFOAB: @CFOAB promove debate entre PT @ptbrasil e PSDB @Rede45 na #ConferenciaOAB #Eleições2014 http://t.co/494m5dFdrv http://t.co/UYkh…","http://goo.gl/cioe18","goo.gl","[""ConferenciaOAB"", ""Eleições2014""]","","","",""
"258","14519985","2014-10-24T16:41:15","@LUIZANTONIO_CAR","LUIZ ANTONIO_CARROS","0","613","7386","0","","pt","#Eleições2014 Se o Brasil fosse um país sério, estes petistas seriam BANIDOS da nossa política pelo voto do próprio  https://t.co/TbLMLmqTnW","https://plus.google.com/u/0/104598387941683663700/posts/TSTFsP1cQbu","plus.google.com","[""Eleições2014""]","","","",""
"259","13998669","2014-10-24T23:14:39","@HoracioBarreto","Horácio Barreto","0","19","59","1","","pt","RT @OdeCarvalho: A última esperança petista é o ministro Toffolidido. #Eleicoes2014","","","[""Eleicoes2014""]","","","",""
"260","14370780","2014-10-24T21:36:20","@ToinnhoCatende","Toinho de Tabaiaré","0","2155","160478","0","","pt","Militantes pró-Aécio e pró-Dilma fazem ato lado a lado http://t.co/E0cRUx7yk4 #eleições2014 http://t.co/rDoxWjcuXb","http://bit.ly/1t9gOo5","uol.com.br","[""eleições2014""]","","","",""
"261","14478385","2014-10-24T18:13:13","@underlineamaral","Hermes","0","669","270060","0","","pt","Que surpresa! RT @portald24am: Coligação de Aécio defende apuração de denúncias da Veja: http://t.co/jlgLXswedR  #Eleições2014","http://ow.ly/DiWFx","ow.ly","[""Eleições2014""]","","","",""
"262","15027136","2014-10-25T18:58:15","@robertolinhares","Roberto Linhares","0","618","22773","1","","pt","RT @g1: Dilma tem 53%, e Aécio, 47% dos votos válidos, aponta Ibope http://t.co/ZQyjjTn2sr  #Eleições2014 #G1 http://t.co/Z2X6szGPsM","http://glo.bo/1DcMQ3k","glo.bo","[""Eleições2014"", ""G1""]","","","",""
"263","14313473","2014-10-24T22:19:50","@vj_varga","«VJ VARGA»®","0","710","18809","0","","pt","Tô vendo que esse #DebateNaGlobo vai ser só troca de acusações. Discutir propostas que é bom nada. #Eleições2014","","","[""DebateNaGlobo"", ""Eleições2014""]","","","",""
"264","14964612","2014-10-25T20:39:05","@Wilson_Fisk_","Wilson Fisk","0","88","2729","1","","pt","RT @Ca_Moredi: Ibope mostra Dilma reeleita; Datafolha aponta empate técnico- E O SACI PERERE EXISTE. http://t.co/lAP35yLaie  #Eleições2014","http://uol.com/bddYGn","uol.com","[""Eleições2014""]","","","",""
"265","15028703","2014-10-25T18:55:33","@elenacerna","elena cerna","0","572","25187","1","","pt","RT @AbaldeMaria: Últimas Encuestas. Ibope: Dilma 53% Aécio 47% Datafolha:,Dilma 52% Aécio 48% #BrasilDecide2014 #Eleições2014","","","[""BrasilDecide2014"", ""Eleições2014""]","","","",""
"266","14508977","2014-10-24T17:04:48","@Angelmarques78","Angelica Marques","0","9","293","1","","pt","RT @rafaeldbo: ""Ah que maravilha, a Dilma pra papuda e o Aécio pra Brasília"". #Eleições2014, #VotoAecioPeloBR45IL. PRA CIMA!","","","[""Eleições2014"", ""VotoAecioPeloBR45IL""]","","","",""
"267","11644886","2014-10-21T13:38:41","@lucineide2705","Lucineide timbetalab","0","992","1079","1","","pt","RT @CFOAB: Deixe sua opinião sobre as #Eleições2014 Participe da Campanha de Combate à Corrupção http://t.co/04iiwYHUoD http://t.co/aE3Im7x…","http://goo.gl/HpkphQ","goo.gl","[""Eleições2014""]","","","",""
"268","12243962","2014-10-22T08:00:10","@dressaeulalia","eulália","0","1031","21362","1","","pt","RT @g1: Dilma tem 52%, e Aécio, 48% dos votos válidos, diz pesquisa Datafolha http://t.co/7amhvgASzp #Eleições2014 #G1 http://t.co/WqhwIgj9…","http://glo.bo/10lu51Z","glo.bo","[""Eleições2014"", ""G1""]","","","",""
"269","14917534","2014-10-25T21:47:27","@alunodehistoria","Aluno de História","0","2985","2041","0","","pt","Estão querendo mandar Alberto Youssef para o mesmo lugar que mandaram Celso Daniel. #Eleições2014","","","[""Eleições2014""]","","","",""
"270","12775037","2014-10-23T07:56:10","@OpiniaoTV","GenteOpiniãoRondonia","0","2708","77031","0","","pt","Campanha para prefeitura é antecipada http://t.co/5BsFT82Am2 #Eleições2014... http://t.co/cBqIvF6A4T","http://gentedeopiniao.com.br/lerConteudo.php?news=131083","gentedeopiniao.com.br","[""Eleições2014""]","","","",""
"271","12499951","2014-10-23T19:28:37","@BlogOlhoNaMira","Blog Olho na Mira","0","31819","561330","1","","pt","RT @bbcbrasil: O que você acha das manifestações de apoio de astros internacionais nas #Eleições2014? http://t.co/gWadeGCGhl","http://t.co/gWadeGCGhl","t.co","[""Eleições2014""]","","","",""
"272","10629398","2014-10-20T20:39:47","@antonisio","Antonisio Siqueira","0","125","737","1","","pt","RT @EpocaEleicoes: Datafolha: Dilma 52% e Aécio 48% no segundo turno http://t.co/Bl2XCPtAyQ #Eleições2014 http://t.co/AgZ2dl8pTj","http://glo.bo/1CN3rKZ","glo.bo","[""Eleições2014""]","","","",""
"273","12489691","2014-10-23T19:51:19","@benedet15","Alexandre Benedet 🌵🌵","0","2552","41378","1","","pt","RT @g1: Dilma faz apelo contra a violência na reta final da campanha http://t.co/PGYBSlHbfF #Eleições2014 #G1 http://t.co/5BcLAozRMy","http://glo.bo/1ws0zkL","glo.bo","[""Eleições2014"", ""G1""]","","","",""
"274","15083286","2014-10-25T17:13:35","@anadantas_UERN","Ana Dantas","0","1204","61271","1","","pt","RT @agenciabrasil: Em último ato de campanha, Dilma faz caminhada em Porto Alegre http://t.co/pRSAusChSU #Eleicoes2014 #votoavoto http://t.…","http://goo.gl/yo6R2A","goo.gl","[""Eleicoes2014"", ""votoavoto""]","","","",""
"275","10118248","2014-10-19T22:44:23","@JulioToyama","Júlio Toyama","0","721","32537","0","","pt","Dilma a beira de um ataque de gagueira.... #debatenarecord #Eleicoes2014","","","[""debatenarecord"", ""Eleicoes2014""]","","","",""
"276","10662493","2014-10-20T19:28:16","@josifernandesj","Josi Fernandes","0","46","608","1","","pt","RT @Portal_HD: Aécio lidera em Minas com 54,7% dos votos válidos. http://t.co/Gp0NB3SIXh #Eleições2014 #Política #HojeEmDia http://t.co/zxe…","http://bit.ly/1uv3MgZ","hojeemdia.com.br","[""Eleições2014"", ""Política"", ""HojeEmDia""]","","","",""
"277","12235488","2014-10-22T08:35:14","@luizaCaceres","@luiz.antoniocaceres","0","1603","14873","1","","pt","RT @JorgeRibeiroSE: Ibope: em GO, Perillo tem 60% dos votos válidos e Iris Rezende, 40% #eleições2014 http://t.co/Ntro072jfz via @JornaldoB…","http://jb.com.br/.er2X","jb.com.br","[""eleições2014""]","","","",""
"278","10161043","2014-10-19T22:28:45","@AlexMonteiro93","alexandre","0","1023","300909","1","","pt","RT @M_Pichonelli: Dilma diz ter quadruplicado investimentos em segurança em relação a FHC. E cita criminalidade em Minas #Eleicoes2014","","","[""Eleicoes2014""]","","","",""
"279","14360875","2014-10-24T21:51:30","@PoeiraParda","espeto","0","275","16779","0","","pt","Uma coisa legal nessas eleições é que surgiu o ""selfie de caráter"".#Eleicoes2014","","","[""Eleicoes2014""]","","","",""
"280","12045701","2014-10-22T17:16:49","@Ahkhazad","Khazad’s ™","0","361","8934","0","","pt","Pai do lucas vai apoiar a Dilma ou o Aecio! #Eleicoes2014","","","[""Eleicoes2014""]","","","",""
"281","14971658","2014-10-25T20:28:23","@_Fabinhu_R_","Fábio","0","1330","118415","1","","pt","RT @OGloboPolitica: #eleições2014 Datafolha Rio: Pezão tem 46%, Crivella, 38% - http://t.co/BqY8xOPxtP","http://ow.ly/DkYPF","ow.ly","[""eleições2014""]","","","",""
"282","14216499","2014-10-24T22:35:28","@samiacayres","⚡Uma Big Maria⚡","0","896","13647","0","","pt","Tá melhor que briga de escola! - Uuuuhhhhhhh!!! Briga! Briag! Briga! Porrada! Porrada! #Eleições5série #Eleicoes2014","","","[""Eleições5série"", ""Eleicoes2014""]","","","",""
"283","15107205","2014-10-25T16:22:38","@FinochioA","Don Perin Camisa 9","0","146","896","1","","pt","RT @renatadangelo: O MASP esta verde, amarelo, azul e branco #VemPraRua25deOutubro  #EAecio45Confirma #Eleicoes2014 #Aecio45PeloBrasil http…","","","[""VemPraRua25deOutubro"", ""EAecio45Confirma"", ""Eleicoes2014"", ""Aecio45PeloBrasil""]","","","",""
"284","10138015","2014-10-19T22:37:31","@Dionatas3G","Dionatas","0","290","12491","0","","pt","#DebateNaRecord bota fogo nisso aí @AecioNeves esta morno demais... #BBCnasEleições #Eleições2014","","","[""DebateNaRecord"", ""BBCnasEleições"", ""Eleições2014""]","","","",""
"285","15053603","2014-10-25T18:16:48","@JulianoFarias81","UmTalJuliano","0","61","2516","0","","pt","“@enterthebits: A gente não sabemos escolher presidente, tem gringo pensando que nóis eh indigente #Eleicoes2014” é... A gente somos...","","","[""Eleicoes2014""]","","","",""
"286","12593933","2014-10-23T16:05:34","@rgcorreria","Ricardo","0","293","2951","0","","pt","Cara de pau “@UOLNoticias: Alckmin ataca ONU por crítica sobre falta de água em São Paulo http://t.co/daUHDNZH3n #Eleições2014”","http://uol.com/bjdYGn","uol.com","[""Eleições2014""]","","","",""
"287","10413463","2014-10-19T10:49:29","@Be_neviani","Bê Neviani","0","9492","284006","0","","pt","Bloco do Eu Sozinho - Carlos Heitor Cony http://t.co/cc1tRpyELP cc @moliviasoares @conteudo_Livre #eleicoes2014","http://naofo.de/1no4","sedo.com","[""eleicoes2014""]","","","",""
"288","15015338","2014-10-25T19:18:08","@pelobemdobrasil","Pelo Bem do Brasil","0","3258","225608","1","","pt","RT @g1: Ibope, votos válidos: Helder tem 50% e Jatene, 50%, no Pará http://t.co/DfucWqYyir #Eleições2014 #G1","http://glo.bo/12BcEuY","glo.bo","[""Eleições2014"", ""G1""]","","","",""
"289","14183064","2014-10-24T22:41:11","@glaubermaia","Glauber Maia","0","205","4026","0","","pt","Genteeee, a Dilma tá desmaiadaaaa! / Primeiro bloco foi um brutallity do #Aécio45. / #DebateNaGlobo / #Eleições2014","","","[""Aécio45"", ""DebateNaGlobo"", ""Eleições2014""]","","","",""
"290","11554338","2014-10-21T17:34:27","@wwwtanaondacom","Tanaonda CarlosMafra","0","456","48887","1","","pt","RT @flaviosoares78: #Eleições2014 BRAVA GENTE DE SÃO PAULO! NÃO PERMITA QUE O PERÍODO DE ESTIAGEM SEJA INSTRUMENTO PARA JUSTIFICAR... http:…","","","[""Eleições2014""]","","","",""
"291","10234499","2014-10-19T20:16:20","@FLeolima","Leonardo  Lima","0","105","1358","0","","qme","#mudaBrasil #AgoraÉAécio #Aécio45 #eleições2014 #oGiganteAcordou #brasil #Brasil45 http://t.co/h9qmWK11po","http://fb.me/6LZaxo3nQ","fb.me","[""mudaBrasil"", ""AgoraÉAécio"", ""Aécio45"", ""eleições2014"", ""oGiganteAcordou"", ""brasil"", ""Brasil45""]","","","",""
"292","10315156","2014-10-19T16:03:55","@FabiRih","Fabi Prattes","0","1700","16882","1","","pt","RT @Estadao: CORREÇÃO: Propaganda de Aécio que fala de irmão de Dilma é suspensa pelo TSE #Eleições2014  http://t.co/JtUqsqvnCe http://t.co…","http://oesta.do/ZBf0YL","oesta.do","[""Eleições2014""]","","","",""
"293","14051123","2014-10-24T23:05:08","@reemdoluans_ce","الاخصائيه. ريما القحطاني","0","3494","54936","1","","pt","RT @marciocardoso80: Vai @AecioNeves finge q é #PasseOuRepassa e da tortada na cara dela kkkkkkk #Eleicoes2014 #Aecio45PeloBrasil http://t.…","","","[""PasseOuRepassa"", ""Eleicoes2014"", ""Aecio45PeloBrasil""]","","","",""
"294","10922018","2014-10-20T02:16:20","@natelsonsouz","Natelson Oliveira","0","172","2488","0","","pt","Denunciem: Cidadãos flagram fascistas ameaçando e agredindo eleitores nas ruas de Niterói: https://t.co/PGOcmbZDFM #Eleicoes2014","https://www.facebook.com/video.php?v=831119743576725","facebook.com","[""Eleicoes2014""]","","","",""
"295","12549086","2014-10-23T17:44:08","@celsodossi","celsodossi","0","108596","241124","0","","pt","Amanhã já temos o último debate - THANK GOD - e em mais 2 dias estaremos livres das #Eleicoes2014","","","[""Eleicoes2014""]","","","",""
"296","15029779","2014-10-25T18:53:53","@ElidianaPtekila","Elidiana Beyhive","0","584","16971","1","","pt","RT @g1: Dilma tem 53%, e Aécio, 47% dos votos válidos, aponta Ibope http://t.co/ZQyjjTn2sr  #Eleições2014 #G1 http://t.co/Z2X6szGPsM","http://glo.bo/1DcMQ3k","glo.bo","[""Eleições2014"", ""G1""]","","","",""
"297","12623546","2014-10-23T14:48:07","@buchodelama","jorge bucho de lama","0","54","3412","1","","pt","RT @g1: Irmã de Lula grava vídeo em que pede votos para Aécio no segundo turno http://t.co/V1kFzD6E1a #Eleições2014 #G1 http://t.co/HysRZiu…","http://glo.bo/1rmPxd0","glo.bo","[""Eleições2014"", ""G1""]","","","",""
"298","13859826","2014-10-24T23:38:35","@catite1","Cati","0","474","21025","1","","pt","RT @Zilnara_Chagas: Sobre politica?! Respondo na urna, fazendo o certo. #Eleicoes2014","","","[""Eleicoes2014""]","","","",""
"299","14865985","2014-10-25T23:12:21","@lavorero","Os Brutos Também Amam","0","1256","54253","0","","pt","Ai, ai... Dá sono... RT @RoxaneRe: #Eleições2014 IBOPE E DATAFOLHA INDICAM POSSÍVEL TENDÊNCIA DE ALTA DO AÉCIO, ANALISA @HumbertoDantas","","","[""Eleições2014""]","","","",""
"300","12641048","2014-10-23T14:04:45","@ohannaranzato","processo de composição de Cachorrinhas","0","6685","510165","1","","pt","RT @g1: Irmã de Lula grava vídeo em que pede votos para Aécio no segundo turno http://t.co/V1kFzD6E1a #Eleições2014 #G1 http://t.co/HysRZiu…","http://glo.bo/1rmPxd0","glo.bo","[""Eleições2014"", ""G1""]","","","",""
"301","11507079","2014-10-21T19:33:21","@rafaelstoppa","Rafael Stoppa","0","646","68980","1","","pt","RT @zerohora: #eleições2014 Ibope: Sartori lidera com 53%, Tarso aparece com 37% http://t.co/0WSgBq0v1u http://t.co/cmxfXlZLr4","http://zhora.co/1orj0Ht","zhora.co","[""eleições2014""]","","","",""
"302","11775935","2014-10-21T07:08:09","@chrismendes77","Christine Mendes","0","26","1774","1","","pt","RT @g1: 'Eu era excessivamente generosa', diz Dilma sobre elogios a Aécio http://t.co/aW8IEbbfIt #Eleições2014 #G1 http://t.co/nq1qY2BoKm","http://glo.bo/1r6zDn9","glo.bo","[""Eleições2014"", ""G1""]","","","",""
"303","11797047","2014-10-21T04:12:58","@EsmaltePereira","Mafaldinha","0","633","23119","1","","pt","RT @agenciabrasil: #Eleicoes2014 Vox Populi: Dilma tem 46% das intenções de voto e Aécio, 43% http://t.co/hFdsAjWWY1","http://bit.ly/1pvxnoS","agenciabrasil.ebc.com.br","[""Eleicoes2014""]","","","",""
"304","12779094","2014-10-23T07:36:56","@ptrevisani","Paulo Trevisani","1","2543","12502","1","","en","RT @agomezlicon: Brazil race hinges on fickle lower middle class, by @bradleybrooks #eleicoes2014 http://t.co/l1cCrGOXhL","http://m.apnews.com/ap/db_306488/contentdetail.htm?contentguid=kcGuh39R","m.apnews.com","[""eleicoes2014""]","","","",""
"305","10701717","2014-10-20T17:18:50","@teliomacedo","Télio Macedo🌎 ⚫🔴","0","484","12294","1","","pt","RT @UOLNoticias: ""Queremos recuperar o que tiraram do Nordeste"", afirma Lula http://t.co/mPIMG0RqDP #Eleições2014","http://bit.ly/1rnmQMg","jc.uol.com.br","[""Eleições2014""]","","","",""
"306","14116197","2014-10-24T22:54:40","@GuuhMng","Gυυн ⓟ","0","221","29150","0","","pt","Seu tempo candidata, mas que porra toda hora, presta atenção no cronômetro sua mula #Eleicoes2014","","","[""Eleicoes2014""]","","","",""
"307","15082727","2014-10-25T17:14:38","@leogomesmg","Léo Gomes","0","513","6691","0","","pt","se botar numa peneira e ver quais as publicações úteis no twitter, sobre #eleições2014, ficam, serão poucas.","","","[""eleições2014""]","","","",""
"308","12557939","2014-10-23T17:28:16","@falcaodu","Eduardo","0","441","25139","1","","pt","RT @OGloboPolitica: #eleições2014 - Pesquisa Ibope: Dilma está com 49% dos votos, e Aécio, 41% - http://t.co/aglWpzRKI1","http://ow.ly/Df5Ui","oglobo.globo.com","[""eleições2014""]","","","",""
"309","14907702","2014-10-25T22:03:05","@natanae66243438","natanael","0","992","266347","1","","pt","RT @g1: Ibope, votos válidos no Acre: Tião Viana tem 55% e Marcio Bittar, 45% http://t.co/5SbeJUNtMP #Eleições2014 #G1","http://glo.bo/1xpklxv","glo.bo","[""Eleições2014"", ""G1""]","","","",""
"310","12328455","2014-10-24T00:33:39","@MECBURRINHO","MEC DA DEPRESSÃO","0","258","1627","1","","pt","RT @OdeCarvalho: No meu entender, a única esperança do #PT é a fraude eleitoral. Como e se vão fazê-la, não sei. #Eleicoes2014","","","[""PT"", ""Eleicoes2014""]","","","",""
"311","14413424","2014-10-24T20:27:39","@atarde","A TARDE","1","511542","160232","0","","pt","Oposição vai à PGR pedir investigação contra Dilma http://t.co/lrj0pCj1dA #eleições2014","http://www.atarde.com.br/noticias/1633748","atarde.com.br","[""eleições2014""]","","","",""
"312","14745608","2014-10-24T08:41:03","@ruisaldanha","DiadaTerra","0","5626","764303","0","","pt","..#Eleições2014 – motivo para você Votar no #AecioNeves:  #MeioAmbiente  http://t.co/TbwIKVnkOU http://t.co/MBUCdNO7Uy","http://dia-da-terra.blogspot.com/2014/10/qual-e-relacao-entre-floresta-amazonica.html?spref=tw","dia-da-terra.blogspot.com","[""Eleições2014"", ""AecioNeves"", ""MeioAmbiente""]","","","",""
"313","11711377","2014-10-21T11:03:17","@pantolfisalerno","Pantolfi e Salerno","0","3","125","1","","pt","RT @JornaldoBrasil: #eleições2014 / Dilma Rousseff: SP não pode nos responsabilizar pela crise da água  http://t.co/K9LdDmFrbN via","http://jb.com.br/.erY5","jb.com.br","[""eleições2014""]","","","",""
"314","14153155","2014-10-24T22:47:32","@IvanSgarabotto","Ivan Sgarabotto","0","1024","45839","0","","pt","O debate está legal pelas atrapalhadas do Bonner. #Eleicoes2014","","","[""Eleicoes2014""]","","","",""
"315","11673693","2014-10-21T12:31:54","@DaniTPSoares","Daniela Trindade 🇺🇦","0","874","31587","1","","pt","RT @gugomes1: A sujeira do PT não tem limites!!! / #Eleições2014 #MudaBrasil #Aecio45 #AecioEmTodoBrasil http://t.co/8SdQ9Ena4s","http://t.co/8SdQ9Ena4s","t.co","[""Eleições2014"", ""MudaBrasil"", ""Aecio45"", ""AecioEmTodoBrasil""]","","","",""
"316","14409704","2014-10-24T20:34:33","@amirfilho","Amir Filho","0","2174","20404","0","","pt","@caioblinder Bem q gostaria q ñ ganhasse ou q tivesse a dignidade de renunciar, mas do jeito q vai só impeachment ou ditadura. #Eleicoes2014","","","[""Eleicoes2014""]","","","",""
"317","11738814","2014-10-21T09:42:10","@giropiloto","Agente Canastra","0","2791","10212","0","","pt","Alô, @geraldoalckmin_! Você é um homem ou um rato? Responda o governo federal com firmeza! #Eleições2014","","","[""Eleições2014""]","","","",""
"318","14422050","2014-10-24T20:09:47","@CamaraNoticias","Câmara Notícias","0","163960","22168","0","","pt","Veículos de comunicação da Câmara vão transmitir segundo turno das #eleições2014  http://t.co/pEe6fuKZfI http://t.co/ORNi03GB0R","http://bit.ly/1rvmcx3","camara.leg.br","[""eleições2014""]","","","",""
"319","12650132","2014-10-23T13:42:47","@livia_diniz_","Livia Diniz","0","2439","101262","1","","pt","RT @g1: Irmã de Lula grava vídeo em que pede votos para Aécio no segundo turno http://t.co/V1kFzD6E1a #Eleições2014 #G1 http://t.co/HysRZiu…","http://glo.bo/1rmPxd0","glo.bo","[""Eleições2014"", ""G1""]","","","",""
"320","12046509","2014-10-22T17:14:35","@Eduardopcardoso","Eduardo Cardoso","0","34","1407","1","","pt","RT @brparatodos: #eleições2014 / Confira a lista de personalidades que apoiam Aécio Neves - http://t.co/KWT56m5HOu","http://bit.ly/1yY9sqP","bit.ly","[""eleições2014""]","","","",""
