host,n_tweets,classe,motivo
gazetadopovo.com.br,61,MC,midia fora da lista fechada das 26 (convencao estrita)
nebtv.com.br,60,MC,midia fora da lista fechada das 26 (convencao estrita)
theguardian.com,34,MC,midia fora da lista fechada das 26 (convencao estrita)
portaldafloresta.com.br,32,MC,midia fora da lista fechada das 26 (convencao estrita)
yhoo.it,30,nao_resolvido,encurtador nao expandido
sosma.org.br,27,nao_midia,ONG / ativismo (.org)
lucasribeiro.info,27,MC,midia fora da lista fechada das 26 (convencao estrita)
notimerica.com,26,MC,midia fora da lista fechada das 26 (convencao estrita)
hugedomains.com,25,nao_midia,plataforma / servico
classepolitica.com.br,24,MC,midia fora da lista fechada das 26 (convencao estrita)
soundcloud.com,22,nao_midia,plataforma / servico
plantaobrasil.com.br,20,MC,midia fora da lista fechada das 26 (convencao estrita)
blogdopedrogabriel.com,20,MC,midia fora da lista fechada das 26 (convencao estrita)
zh.com.br,19,MC,midia fora da lista fechada das 26 (convencao estrita)
sertaobaiano.com.br,18,MC,midia fora da lista fechada das 26 (convencao estrita)
a8se.com,17,MC,midia fora da lista fechada das 26 (convencao estrita)
on-msn.com,16,nao_resolvido,encurtador nao expandido
acontecebrasilia.com.br,15,MC,midia fora da lista fechada das 26 (convencao estrita)
clic.rs,14,nao_resolvido,encurtador nao expandido
telesurtv.net,14,MC,midia fora da lista fechada das 26 (convencao estrita)
abc.es,14,MC,midia fora da lista fechada das 26 (convencao estrita)
infomoney.com.br,12,MC,midia fora da lista fechada das 26 (convencao estrita)
l1nks.co,12,nao_resolvido,encurtador nao expandido
flip.it,12,nao_resolvido,encurtador nao expandido
vocefiscal.org,11,nao_midia,ONG / ativismo (.org)
tvrestinganaweb.com.br,11,MC,midia fora da lista fechada das 26 (convencao estrita)
e-farsas.com,10,MC,midia fora da lista fechada das 26 (convencao estrita)
play.google.com,10,nao_midia,plataforma / servico
blogueirasfeministas.com,10,MC,midia fora da lista fechada das 26 (convencao estrita)
diario.com.br,10,MC,midia fora da lista fechada das 26 (convencao estrita)
ur1.ca,9,nao_resolvido,encurtador nao expandido
ramirobatista.com.br,9,MC,midia fora da lista fechada das 26 (convencao estrita)
vimeo.com,9,nao_midia,plataforma / servico
anoticia.clicrbs.com.br,9,MC,midia fora da lista fechada das 26 (convencao estrita)
correiobraziliense.com.br,9,MC,midia fora da lista fechada das 26 (convencao estrita)
em.com.br,9,MC,midia fora da lista fechada das 26 (convencao estrita)
jornali9.com,9,MC,midia fora da lista fechada das 26 (convencao estrita)
lagesdiario.com.br,9,MC,midia fora da lista fechada das 26 (convencao estrita)
vermelho.org.br,9,MC,midia fora da lista fechada das 26 (convencao estrita)
eleicoes2014.com.br,9,MC,midia fora da lista fechada das 26 (convencao estrita)
www12.senado.gov.br,9,nao_midia,institucional / governo
4sq.com,9,nao_resolvido,encurtador nao expandido
irmaonerd.com.br,9,MC,midia fora da lista fechada das 26 (convencao estrita)
zdnet.com,9,MC,midia fora da lista fechada das 26 (convencao estrita)
jp86.co.vu,8,nao_resolvido,encurtador nao expandido
epochtimes.com.br,8,MC,midia fora da lista fechada das 26 (convencao estrita)
cartamaior.com.br,8,MC,midia fora da lista fechada das 26 (convencao estrita)
diariodonordeste.verdesmares.com.br,8,MC,midia fora da lista fechada das 26 (convencao estrita)
www2.al.rs.gov.br,8,nao_midia,institucional / governo
verdinha.verdesmares.com.br,8,MC,midia fora da lista fechada das 26 (convencao estrita)
diariodeararuna.com.br,8,MC,midia fora da lista fechada das 26 (convencao estrita)
votonacorreio.com.br,8,MC,midia fora da lista fechada das 26 (convencao estrita)
m.apnews.com,8,MC,midia fora da lista fechada das 26 (convencao estrita)
dw.com,7,MC,midia fora da lista fechada das 26 (convencao estrita)
je.inf.br,7,nao_resolvido,encurtador nao expandido
m.infomoney.com.br,7,MC,midia fora da lista fechada das 26 (convencao estrita)
opinologo.com.br,7,MC,midia fora da lista fechada das 26 (convencao estrita)
brasildebate.com.br,7,MC,midia fora da lista fechada das 26 (convencao estrita)
sp.ria.ru,7,MC,midia fora da lista fechada das 26 (convencao estrita)
site.adital.com.br,7,MC,midia fora da lista fechada das 26 (convencao estrita)
comerciodojahu.com.br,7,MC,midia fora da lista fechada das 26 (convencao estrita)
google.com.br,7,MC,midia fora da lista fechada das 26 (convencao estrita)
marinasilva.org.br,7,nao_midia,ONG / ativismo (.org)
visaonacional.com.br,7,MC,midia fora da lista fechada das 26 (convencao estrita)
ufmg.br,7,MC,midia fora da lista fechada das 26 (convencao estrita)
senoticias.com.br,7,MC,midia fora da lista fechada das 26 (convencao estrita)
cbsi.net.br,7,MC,midia fora da lista fechada das 26 (convencao estrita)
pac.gov.br,7,nao_midia,institucional / governo
guiame.com.br,6,MC,midia fora da lista fechada das 26 (convencao estrita)
on.ft.com,6,MC,midia fora da lista fechada das 26 (convencao estrita)
economist.com,6,MC,midia fora da lista fechada das 26 (convencao estrita)
viomundo.com.br,6,MC,midia fora da lista fechada das 26 (convencao estrita)
mob.li,6,MC,midia fora da lista fechada das 26 (convencao estrita)
14ymedio.com,6,MC,midia fora da lista fechada das 26 (convencao estrita)
owl.li,6,MC,midia fora da lista fechada das 26 (convencao estrita)
shar.es,6,nao_resolvido,encurtador nao expandido
ofluminense.com.br,6,MC,midia fora da lista fechada das 26 (convencao estrita)
napolitica.com,6,MC,midia fora da lista fechada das 26 (convencao estrita)
betomous.com,6,MC,midia fora da lista fechada das 26 (convencao estrita)
rsparadesporto.org.br,6,nao_midia,ONG / ativismo (.org)
somos.vocefiscal.org,6,nao_midia,ONG / ativismo (.org)
viatrolebus.com.br,6,MC,midia fora da lista fechada das 26 (convencao estrita)
twitcam.com,6,MC,midia fora da lista fechada das 26 (convencao estrita)
radiomegabox.com.br,6,MC,midia fora da lista fechada das 26 (convencao estrita)
cort.as,6,MC,midia fora da lista fechada das 26 (convencao estrita)
diariodorio.com,6,MC,midia fora da lista fechada das 26 (convencao estrita)
criciumanews.com.br,5,MC,midia fora da lista fechada das 26 (convencao estrita)
revistamenas.com,5,MC,midia fora da lista fechada das 26 (convencao estrita)
vipai.com.br,5,MC,midia fora da lista fechada das 26 (convencao estrita)
enquetes.com.br,5,MC,midia fora da lista fechada das 26 (convencao estrita)
dw.de,5,MC,midia fora da lista fechada das 26 (convencao estrita)
culturapolitica.info,5,MC,midia fora da lista fechada das 26 (convencao estrita)
a.msn.com,5,MC,midia fora da lista fechada das 26 (convencao estrita)
lnkd.in,5,nao_resolvido,encurtador nao expandido
sites.google.com,5,MC,midia fora da lista fechada das 26 (convencao estrita)
observatoriodaimprensa.com.br,5,MC,midia fora da lista fechada das 26 (convencao estrita)
betofontes.wix.com,5,MC,midia fora da lista fechada das 26 (convencao estrita)
fisicanaveia.com.br,5,MC,midia fora da lista fechada das 26 (convencao estrita)
comprio.com.br,5,MC,midia fora da lista fechada das 26 (convencao estrita)
publico.pt,5,MC,midia fora da lista fechada das 26 (convencao estrita)
tl.gd,5,MC,midia fora da lista fechada das 26 (convencao estrita)
desmascarandoglobofolha.com,5,MC,midia fora da lista fechada das 26 (convencao estrita)
tv.cancaonova.com,5,MC,midia fora da lista fechada das 26 (convencao estrita)
ansabrasil.com.br,5,MC,midia fora da lista fechada das 26 (convencao estrita)
cafecomnoticias.com,5,MC,midia fora da lista fechada das 26 (convencao estrita)
bandnewsfm.com.br,5,MC,midia fora da lista fechada das 26 (convencao estrita)
princesadoscampos.com.br,5,MC,midia fora da lista fechada das 26 (convencao estrita)
radioagencianacional.ebc.com.br,5,MC,midia fora da lista fechada das 26 (convencao estrita)
pernambuco.com,5,MC,midia fora da lista fechada das 26 (convencao estrita)
pron.com.br,5,MC,midia fora da lista fechada das 26 (convencao estrita)
tvgazeta.com.br,5,MC,midia fora da lista fechada das 26 (convencao estrita)
sucodelimao.com,4,MC,midia fora da lista fechada das 26 (convencao estrita)
tmz.com,4,MC,midia fora da lista fechada das 26 (convencao estrita)
tijolaco.com.br,4,MC,midia fora da lista fechada das 26 (convencao estrita)
econ.st,4,nao_resolvido,encurtador nao expandido
administradores.com.br,4,MC,midia fora da lista fechada das 26 (convencao estrita)
blogdamilly.com,4,MC,midia fora da lista fechada das 26 (convencao estrita)
dcomercio.com.br,4,MC,midia fora da lista fechada das 26 (convencao estrita)
avaaz.org,4,nao_midia,plataforma / servico
dm.com.br,4,MC,midia fora da lista fechada das 26 (convencao estrita)
fplus.me,4,nao_resolvido,encurtador nao expandido
pbs.twimg.com,4,MC,midia fora da lista fechada das 26 (convencao estrita)
revistarpanews.com.br,4,MC,midia fora da lista fechada das 26 (convencao estrita)
zerohora.com,4,MC,midia fora da lista fechada das 26 (convencao estrita)
opolemico.com.br,4,MC,midia fora da lista fechada das 26 (convencao estrita)
onde.ir,4,MC,midia fora da lista fechada das 26 (convencao estrita)
aeciodeverdade.com,4,MC,midia fora da lista fechada das 26 (convencao estrita)
idgnow.com.br,4,MC,midia fora da lista fechada das 26 (convencao estrita)
tvcapitalgoiania.com,4,MC,midia fora da lista fechada das 26 (convencao estrita)
rioonwatch.org.br,4,MC,midia fora da lista fechada das 26 (convencao estrita)
pioneiro.co,4,MC,midia fora da lista fechada das 26 (convencao estrita)
dadaviz.com,4,MC,midia fora da lista fechada das 26 (convencao estrita)
marcosfellipe.com,4,MC,midia fora da lista fechada das 26 (convencao estrita)
df.superesportes.com.br,4,MC,midia fora da lista fechada das 26 (convencao estrita)
ric.com.br,4,MC,midia fora da lista fechada das 26 (convencao estrita)
jornaldocomercio.com,4,MC,midia fora da lista fechada das 26 (convencao estrita)
online.unisanta.br,4,MC,midia fora da lista fechada das 26 (convencao estrita)
ht.ly,4,nao_resolvido,encurtador nao expandido
twitcam.livestream.com,4,MC,midia fora da lista fechada das 26 (convencao estrita)
trendoa.com,4,MC,midia fora da lista fechada das 26 (convencao estrita)
diariodepernambuco.com.br,4,MC,midia fora da lista fechada das 26 (convencao estrita)
barralr.lucasribeiro.info,4,MC,midia fora da lista fechada das 26 (convencao estrita)
eurone.ws,4,MC,midia fora da lista fechada das 26 (convencao estrita)
saladeimprensadilma.com.br,4,MC,midia fora da lista fechada das 26 (convencao estrita)
fernandopetersen.com.br,4,MC,midia fora da lista fechada das 26 (convencao estrita)
ireport.cnn.com,4,MC,midia fora da lista fechada das 26 (convencao estrita)
conjur.com.br,3,MC,midia fora da lista fechada das 26 (convencao estrita)
u.melty.com.br,3,MC,midia fora da lista fechada das 26 (convencao estrita)
flic.kr,3,MC,midia fora da lista fechada das 26 (convencao estrita)
agoraaporetica.com,3,MC,midia fora da lista fechada das 26 (convencao estrita)
docs.google.com,3,nao_midia,plataforma / servico
pocos10.com.br,3,MC,midia fora da lista fechada das 26 (convencao estrita)
buzzfeed.com,3,MC,midia fora da lista fechada das 26 (convencao estrita)
mirantenews.com,3,MC,midia fora da lista fechada das 26 (convencao estrita)
revoltabrasil.com.br,3,MC,midia fora da lista fechada das 26 (convencao estrita)
folhacentrosul.com.br,3,MC,midia fora da lista fechada das 26 (convencao estrita)
overdadeirocrivella.com.br,3,MC,midia fora da lista fechada das 26 (convencao estrita)
reut.rs,3,nao_resolvido,encurtador nao expandido
terrranews.com.br,3,MC,midia fora da lista fechada das 26 (convencao estrita)
pt.org.br,3,nao_midia,ONG / ativismo (.org)
migueldaoud.com.br,3,MC,midia fora da lista fechada das 26 (convencao estrita)
votodireitooudever.com.br,3,MC,midia fora da lista fechada das 26 (convencao estrita)
outraspalavras.net,3,MC,midia fora da lista fechada das 26 (convencao estrita)
oreporter.com,3,MC,midia fora da lista fechada das 26 (convencao estrita)
workspaceupdates.googleblog.com,3,MC,midia fora da lista fechada das 26 (convencao estrita)
n1propaganda.com.br,3,MC,midia fora da lista fechada das 26 (convencao estrita)
brasilemfoco.com.br,3,MC,midia fora da lista fechada das 26 (convencao estrita)
revistafale.com.br,3,MC,midia fora da lista fechada das 26 (convencao estrita)
blog.consejomexicano.org,3,nao_midia,ONG / ativismo (.org)
boqnews.com,3,MC,midia fora da lista fechada das 26 (convencao estrita)
jornaldeblumenau.com.br,3,MC,midia fora da lista fechada das 26 (convencao estrita)
ituassu.com.br,3,MC,midia fora da lista fechada das 26 (convencao estrita)
gabeira.com.br,3,MC,midia fora da lista fechada das 26 (convencao estrita)
gordogeek.com,3,MC,midia fora da lista fechada das 26 (convencao estrita)
eduardojorgepv.com.br,3,MC,midia fora da lista fechada das 26 (convencao estrita)
brasil.gov.br,3,nao_midia,institucional / governo
videos.lesechos.fr,3,MC,midia fora da lista fechada das 26 (convencao estrita)
windowsphonebrasil.com.br,3,MC,midia fora da lista fechada das 26 (convencao estrita)
portaldovetornorte.com,3,MC,midia fora da lista fechada das 26 (convencao estrita)
clam.org.br,3,nao_midia,ONG / ativismo (.org)
santos.sp.gov.br,3,nao_midia,institucional / governo
sistemadifusora.com.br,3,MC,midia fora da lista fechada das 26 (convencao estrita)
flickr.com,3,nao_midia,plataforma / servico
capitalnews.com.br,3,MC,midia fora da lista fechada das 26 (convencao estrita)
cbnmaringa.com.br,3,MC,midia fora da lista fechada das 26 (convencao estrita)
tun.in,3,nao_resolvido,encurtador nao expandido
nordeste1.com,3,MC,midia fora da lista fechada das 26 (convencao estrita)
ler-qi.org,3,MC,midia fora da lista fechada das 26 (convencao estrita)
varginhaonline.com.br,3,MC,midia fora da lista fechada das 26 (convencao estrita)
cnj.jus.br,3,nao_midia,institucional / governo
defesa.gov.br,3,nao_midia,institucional / governo
alagoas24horas.com.br,3,MC,midia fora da lista fechada das 26 (convencao estrita)
sz.de,3,MC,midia fora da lista fechada das 26 (convencao estrita)
macumbaonline.com,3,MC,midia fora da lista fechada das 26 (convencao estrita)
diarioliberdade.org,3,MC,midia fora da lista fechada das 26 (convencao estrita)
dropbox.com,3,MC,midia fora da lista fechada das 26 (convencao estrita)
exame2.com.br,2,MC,midia fora da lista fechada das 26 (convencao estrita)
reuters.com,2,MC,midia fora da lista fechada das 26 (convencao estrita)
transparenciapolitica.org,2,nao_midia,ONG / ativismo (.org)
ocafezinho.com,2,MC,midia fora da lista fechada das 26 (convencao estrita)
carpe-diem.today,2,MC,midia fora da lista fechada das 26 (convencao estrita)
sindutemg.org.br,2,nao_midia,ONG / ativismo (.org)
alo.com.br,2,MC,midia fora da lista fechada das 26 (convencao estrita)
transvias.com.br,2,MC,midia fora da lista fechada das 26 (convencao estrita)
otvfoco.com.br,2,MC,midia fora da lista fechada das 26 (convencao estrita)
meucongressonacional.com,2,MC,midia fora da lista fechada das 26 (convencao estrita)
escandalostucanos.strikingly.com,2,MC,midia fora da lista fechada das 26 (convencao estrita)
a12.com,2,MC,midia fora da lista fechada das 26 (convencao estrita)
institutoverita.com.br,2,MC,midia fora da lista fechada das 26 (convencao estrita)
bnews.com.br,2,MC,midia fora da lista fechada das 26 (convencao estrita)
tre-rj.jus.br,2,nao_midia,institucional / governo
desacato.info,2,MC,midia fora da lista fechada das 26 (convencao estrita)
buzzmonitor.com,2,MC,midia fora da lista fechada das 26 (convencao estrita)
ac24horas.com,2,MC,midia fora da lista fechada das 26 (convencao estrita)
redetv.com.br,2,MC,midia fora da lista fechada das 26 (convencao estrita)
go.shr.lc,2,MC,midia fora da lista fechada das 26 (convencao estrita)
mobile.bloomberg.com,2,MC,midia fora da lista fechada das 26 (convencao estrita)
vidadeprogramador.com.br,2,MC,midia fora da lista fechada das 26 (convencao estrita)
fiquesabendoassu.com,2,MC,midia fora da lista fechada das 26 (convencao estrita)
electiongame.co.uk,2,MC,midia fora da lista fechada das 26 (convencao estrita)
ativaweb.com.br,2,MC,midia fora da lista fechada das 26 (convencao estrita)
ucho.info,2,MC,midia fora da lista fechada das 26 (convencao estrita)
robertofreire.org.br,2,nao_midia,ONG / ativismo (.org)
medium.com,2,MC,midia fora da lista fechada das 26 (convencao estrita)
tudodoms.com.br,2,MC,midia fora da lista fechada das 26 (convencao estrita)
jorgelucas.com.br,2,MC,midia fora da lista fechada das 26 (convencao estrita)
classes.com,2,MC,midia fora da lista fechada das 26 (convencao estrita)
linkis.com,2,MC,midia fora da lista fechada das 26 (convencao estrita)
tce.mg.gov.br,2,nao_midia,institucional / governo
fatospoliticos.com.br,2,MC,midia fora da lista fechada das 26 (convencao estrita)
jornaldamidia.com.br,2,MC,midia fora da lista fechada das 26 (convencao estrita)
pinterest.com,2,nao_midia,plataforma / servico
jusbrasil.com.br,2,MC,midia fora da lista fechada das 26 (convencao estrita)
as-coa.org,2,nao_midia,ONG / ativismo (.org)
laparola.com.br,2,MC,midia fora da lista fechada das 26 (convencao estrita)
combate.projetobrasil.org,2,nao_midia,ONG / ativismo (.org)
empiricus.com.br,2,MC,midia fora da lista fechada das 26 (convencao estrita)
ponte.org,2,MC,midia fora da lista fechada das 26 (convencao estrita)
revistabula.com,2,MC,midia fora da lista fechada das 26 (convencao estrita)
socialfigures.com.br,2,MC,midia fora da lista fechada das 26 (convencao estrita)
correio24horas.com.br,2,MC,midia fora da lista fechada das 26 (convencao estrita)
umagotanooceano.org,2,nao_midia,ONG / ativismo (.org)
cartacampinas.com.br,2,MC,midia fora da lista fechada das 26 (convencao estrita)
clippb.com,2,MC,midia fora da lista fechada das 26 (convencao estrita)
analiseemfoco.com.br,2,MC,midia fora da lista fechada das 26 (convencao estrita)
alvarodias.com.br,2,MC,midia fora da lista fechada das 26 (convencao estrita)
recantodasletras.com.br,2,MC,midia fora da lista fechada das 26 (convencao estrita)
oab.org.br,2,nao_midia,ONG / ativismo (.org)
public.tableausoftware.com,2,MC,midia fora da lista fechada das 26 (convencao estrita)
bahianoticias.com.br,2,MC,midia fora da lista fechada das 26 (convencao estrita)
midiasemmascara.org,2,nao_midia,ONG / ativismo (.org)
aluisiojunior.com,2,MC,midia fora da lista fechada das 26 (convencao estrita)
spotniks.com,2,MC,midia fora da lista fechada das 26 (convencao estrita)
kibeloco.com.br,2,MC,midia fora da lista fechada das 26 (convencao estrita)
paulomoreiraleite.com,2,MC,midia fora da lista fechada das 26 (convencao estrita)
quintal.cc,2,nao_resolvido,encurtador nao expandido
radaramazonico.com.br,2,MC,midia fora da lista fechada das 26 (convencao estrita)
alturl.com,2,MC,midia fora da lista fechada das 26 (convencao estrita)
circosocial.com.br,2,MC,midia fora da lista fechada das 26 (convencao estrita)
extrasm.com.br,2,MC,midia fora da lista fechada das 26 (convencao estrita)
endodontiaclinica.odo.br,2,MC,midia fora da lista fechada das 26 (convencao estrita)
edilsomsilva.com.br,2,MC,midia fora da lista fechada das 26 (convencao estrita)
i9v.me,2,nao_resolvido,encurtador nao expandido
rockmeon.com.br,2,MC,midia fora da lista fechada das 26 (convencao estrita)
baguete.com.br,2,MC,midia fora da lista fechada das 26 (convencao estrita)
t1noticias.com.br,2,MC,midia fora da lista fechada das 26 (convencao estrita)
votoconsciente2014.net,2,MC,midia fora da lista fechada das 26 (convencao estrita)
memoriacivica.com.br,2,MC,midia fora da lista fechada das 26 (convencao estrita)
cidob.org,2,nao_midia,ONG / ativismo (.org)
eleicaotransparente.com.br,2,MC,midia fora da lista fechada das 26 (convencao estrita)
ipnews.com.br,2,MC,midia fora da lista fechada das 26 (convencao estrita)
observador.pt,2,MC,midia fora da lista fechada das 26 (convencao estrita)
coroametade.com.br,2,MC,midia fora da lista fechada das 26 (convencao estrita)
mutumonline.com,2,MC,midia fora da lista fechada das 26 (convencao estrita)
contextolivre.com.br,2,MC,midia fora da lista fechada das 26 (convencao estrita)
meioemensagem.com.br,2,MC,midia fora da lista fechada das 26 (convencao estrita)
jogodotigre.com.br,2,MC,midia fora da lista fechada das 26 (convencao estrita)
blogdojefferson.com,2,MC,midia fora da lista fechada das 26 (convencao estrita)
doodles.google,2,MC,midia fora da lista fechada das 26 (convencao estrita)
sempreupdate.com.br,2,MC,midia fora da lista fechada das 26 (convencao estrita)
jovempan.com.br,2,MC,midia fora da lista fechada das 26 (convencao estrita)
momentoverdadeiro.com,2,MC,midia fora da lista fechada das 26 (convencao estrita)
timehop.com,2,MC,midia fora da lista fechada das 26 (convencao estrita)
tre-pa.jus.br,2,nao_midia,institucional / governo
portaldailha.com.br,2,MC,midia fora da lista fechada das 26 (convencao estrita)
g.co,2,nao_resolvido,encurtador nao expandido
candidatos.withgoogle.com,2,MC,midia fora da lista fechada das 26 (convencao estrita)
jornaldaparaiba.com.br,2,MC,midia fora da lista fechada das 26 (convencao estrita)
guiabrasil.ca,2,MC,midia fora da lista fechada das 26 (convencao estrita)
alternativa.co.jp,2,MC,midia fora da lista fechada das 26 (convencao estrita)
oi57.tinypic.com,2,MC,midia fora da lista fechada das 26 (convencao estrita)
votelgbt.org,2,nao_midia,ONG / ativismo (.org)
excelencias.org.br,2,nao_midia,ONG / ativismo (.org)
inasa.com,2,MC,midia fora da lista fechada das 26 (convencao estrita)
oquefezseudeputado.com.br,2,MC,midia fora da lista fechada das 26 (convencao estrita)
jornalismob.com,2,MC,midia fora da lista fechada das 26 (convencao estrita)
letras.mus.br,2,MC,midia fora da lista fechada das 26 (convencao estrita)
ehow.com.br,2,MC,midia fora da lista fechada das 26 (convencao estrita)
portal.cfm.org.br,2,nao_midia,ONG / ativismo (.org)
gaz.com.br,2,MC,midia fora da lista fechada das 26 (convencao estrita)
www2.portoalegre.rs.gov.br,2,nao_midia,institucional / governo
diariode.pe,2,MC,midia fora da lista fechada das 26 (convencao estrita)
justicaeleitoral.jus.br,2,nao_midia,institucional / governo
gpc.inf.br,2,MC,midia fora da lista fechada das 26 (convencao estrita)
codft.me,2,nao_resolvido,encurtador nao expandido
ebc.com.br,2,MC,midia fora da lista fechada das 26 (convencao estrita)
appsto.re,2,MC,midia fora da lista fechada das 26 (convencao estrita)
apuracao.gazetadopovo.com.br,2,MC,midia fora da lista fechada das 26 (convencao estrita)
newsevoce.com.br,2,MC,midia fora da lista fechada das 26 (convencao estrita)
sidneyrezende.com,2,MC,midia fora da lista fechada das 26 (convencao estrita)
el2014.clicrbs.com.br,2,MC,midia fora da lista fechada das 26 (convencao estrita)
postsweb.com.br,2,MC,midia fora da lista fechada das 26 (convencao estrita)
nelsonscneto.com,2,MC,midia fora da lista fechada das 26 (convencao estrita)
questionariofacil.com.br,2,MC,midia fora da lista fechada das 26 (convencao estrita)
mises.org.br,2,nao_midia,ONG / ativismo (.org)
trezentos.blog.br,2,MC,midia fora da lista fechada das 26 (convencao estrita)
ninj.as,2,MC,midia fora da lista fechada das 26 (convencao estrita)
todacronica.com.br,2,MC,midia fora da lista fechada das 26 (convencao estrita)
google.com,2,MC,midia fora da lista fechada das 26 (convencao estrita)
isa.to,2,nao_resolvido,encurtador nao expandido
socialmetrix.com,2,MC,midia fora da lista fechada das 26 (convencao estrita)
pmdb-rs.org.br,2,nao_midia,ONG / ativismo (.org)
terracoeconomico.com,2,MC,midia fora da lista fechada das 26 (convencao estrita)
parana-online.com.br,1,MC,midia fora da lista fechada das 26 (convencao estrita)
diplomatique.org.br,1,nao_midia,ONG / ativismo (.org)
s780.vuclip.com,1,MC,midia fora da lista fechada das 26 (convencao estrita)
barbeiragens45.wix.com,1,MC,midia fora da lista fechada das 26 (convencao estrita)
guiademesquita.com.br,1,MC,midia fora da lista fechada das 26 (convencao estrita)
pltw.ps,1,MC,midia fora da lista fechada das 26 (convencao estrita)
forbes.com,1,MC,midia fora da lista fechada das 26 (convencao estrita)
edsonsombra.com.br,1,MC,midia fora da lista fechada das 26 (convencao estrita)
jus.com.br,1,MC,midia fora da lista fechada das 26 (convencao estrita)
revistagambiarra.com.br,1,MC,midia fora da lista fechada das 26 (convencao estrita)
idec.org.br,1,nao_midia,ONG / ativismo (.org)
resistir.info,1,MC,midia fora da lista fechada das 26 (convencao estrita)
territoriogoncalense.com,1,MC,midia fora da lista fechada das 26 (convencao estrita)
fm103.com.br,1,MC,midia fora da lista fechada das 26 (convencao estrita)
pulzo.com,1,MC,midia fora da lista fechada das 26 (convencao estrita)
folhadeirati.com.br,1,MC,midia fora da lista fechada das 26 (convencao estrita)
sindijorpr.org.br,1,nao_midia,ONG / ativismo (.org)
soniarabello.com.br,1,MC,midia fora da lista fechada das 26 (convencao estrita)
liberdadeeconomica.com,1,MC,midia fora da lista fechada das 26 (convencao estrita)
brunazo.eng.br,1,MC,midia fora da lista fechada das 26 (convencao estrita)
hariovaldo.com.br,1,MC,midia fora da lista fechada das 26 (convencao estrita)
dihitt.com,1,MC,midia fora da lista fechada das 26 (convencao estrita)
casseta.com.br,1,MC,midia fora da lista fechada das 26 (convencao estrita)
gp1.com.br,1,MC,midia fora da lista fechada das 26 (convencao estrita)
urnaweb.org,1,nao_midia,ONG / ativismo (.org)
vice.com,1,MC,midia fora da lista fechada das 26 (convencao estrita)
abadianoticia.com.br,1,MC,midia fora da lista fechada das 26 (convencao estrita)
amb.org.br,1,nao_midia,ONG / ativismo (.org)
vidadeturista.com,1,MC,midia fora da lista fechada das 26 (convencao estrita)
paranacomdilma.com,1,MC,midia fora da lista fechada das 26 (convencao estrita)
esquerdademocratica.com.br,1,MC,midia fora da lista fechada das 26 (convencao estrita)
acordacidade.com.br,1,MC,midia fora da lista fechada das 26 (convencao estrita)
contosdofritz.blogs.sapo.pt,1,MC,midia fora da lista fechada das 26 (convencao estrita)
action.storyofstuff.org:443,1,MC,midia fora da lista fechada das 26 (convencao estrita)
sul21.com.br,1,MC,midia fora da lista fechada das 26 (convencao estrita)
folhapaulistana.com.br,1,MC,midia fora da lista fechada das 26 (convencao estrita)
institutotelecom.com.br,1,MC,midia fora da lista fechada das 26 (convencao estrita)
adital.com.br,1,MC,midia fora da lista fechada das 26 (convencao estrita)
saranossaterra.com.br,1,MC,midia fora da lista fechada das 26 (convencao estrita)
bloom.bg,1,MC,midia fora da lista fechada das 26 (convencao estrita)
nytimes.com,1,MC,midia fora da lista fechada das 26 (convencao estrita)
zambininha.blogs.portalvox.com,1,MC,midia fora da lista fechada das 26 (convencao estrita)
jogodopoder.com,1,MC,midia fora da lista fechada das 26 (convencao estrita)
blogbahiageral.com.br,1,MC,midia fora da lista fechada das 26 (convencao estrita)
en.wikipedia.org,1,nao_midia,plataforma / servico
ielusc.br,1,MC,midia fora da lista fechada das 26 (convencao estrita)
brasilbrasileiro.pro.br,1,MC,midia fora da lista fechada das 26 (convencao estrita)
danielebarreto.com.br,1,MC,midia fora da lista fechada das 26 (convencao estrita)
participatorio.juventude.gov.br,1,nao_midia,institucional / governo
cf.oesquema.com.br,1,MC,midia fora da lista fechada das 26 (convencao estrita)
correiodoestado.com.br,1,MC,midia fora da lista fechada das 26 (convencao estrita)
meuvoto.la,1,MC,midia fora da lista fechada das 26 (convencao estrita)
puggina.org,1,nao_midia,ONG / ativismo (.org)
blogdosergiovieira.com.br,1,MC,midia fora da lista fechada das 26 (convencao estrita)
corre.io,1,MC,midia fora da lista fechada das 26 (convencao estrita)
paper.li,1,MC,midia fora da lista fechada das 26 (convencao estrita)
inverta.org,1,nao_midia,ONG / ativismo (.org)
canalgama.com.br,1,MC,midia fora da lista fechada das 26 (convencao estrita)
notaderodape.com.br,1,MC,midia fora da lista fechada das 26 (convencao estrita)
radiomuvuca.com,1,MC,midia fora da lista fechada das 26 (convencao estrita)
opopular.com.br,1,MC,midia fora da lista fechada das 26 (convencao estrita)
radiomanchester.com.br,1,MC,midia fora da lista fechada das 26 (convencao estrita)
it.ly,1,nao_resolvido,encurtador nao expandido
eleicoes2014.org,1,nao_midia,ONG / ativismo (.org)
denunciandopetistas.com,1,MC,midia fora da lista fechada das 26 (convencao estrita)
en.rsf.org,1,nao_midia,ONG / ativismo (.org)
impostometro.com.br,1,MC,midia fora da lista fechada das 26 (convencao estrita)
occuworld.org,1,nao_midia,ONG / ativismo (.org)
fabiocampana.com.br,1,MC,midia fora da lista fechada das 26 (convencao estrita)
viajeguanabara.com.br,1,MC,midia fora da lista fechada das 26 (convencao estrita)
paraiba.com.br,1,MC,midia fora da lista fechada das 26 (convencao estrita)
foradoarmario.net,1,MC,midia fora da lista fechada das 26 (convencao estrita)
bocejando.blogspot.de,1,MC,midia fora da lista fechada das 26 (convencao estrita)
huffingtonpost.es,1,MC,midia fora da lista fechada das 26 (convencao estrita)
quatrotrestres.com.br,1,MC,midia fora da lista fechada das 26 (convencao estrita)
ney.me,1,nao_resolvido,encurtador nao expandido
bocaonews.com.br,1,MC,midia fora da lista fechada das 26 (convencao estrita)
tvbrasil.ebc.com.br,1,MC,midia fora da lista fechada das 26 (convencao estrita)
claudiamatarazzo.com.br,1,MC,midia fora da lista fechada das 26 (convencao estrita)
quadradinhos.net,1,MC,midia fora da lista fechada das 26 (convencao estrita)
saladvisita.com.br,1,MC,midia fora da lista fechada das 26 (convencao estrita)
state.com,1,MC,midia fora da lista fechada das 26 (convencao estrita)
frasesquecuram.org,1,nao_midia,ONG / ativismo (.org)
dukascopy.com,1,MC,midia fora da lista fechada das 26 (convencao estrita)
olhardireto.com.br,1,MC,midia fora da lista fechada das 26 (convencao estrita)
paragarotos.com,1,MC,midia fora da lista fechada das 26 (convencao estrita)
blogdacidadania.com.br,1,MC,midia fora da lista fechada das 26 (convencao estrita)
va.mu,1,MC,midia fora da lista fechada das 26 (convencao estrita)
ruifalcao.com.br,1,MC,midia fora da lista fechada das 26 (convencao estrita)
media.themostuseful.net,1,MC,midia fora da lista fechada das 26 (convencao estrita)
onlyoneclimate.org,1,nao_midia,ONG / ativismo (.org)
revistabrasileiros.com.br,1,MC,midia fora da lista fechada das 26 (convencao estrita)
socialcam.com,1,MC,midia fora da lista fechada das 26 (convencao estrita)
lucianoterra.com.br,1,MC,midia fora da lista fechada das 26 (convencao estrita)
planalto.gov.br,1,nao_midia,institucional / governo
psdb.org.br,1,nao_midia,ONG / ativismo (.org)
osamigosdobrasil.com.br,1,MC,midia fora da lista fechada das 26 (convencao estrita)
comunicabahia.com.br,1,MC,midia fora da lista fechada das 26 (convencao estrita)
loucosporumestilo.com.br,1,MC,midia fora da lista fechada das 26 (convencao estrita)
neweconomicperspectives.org,1,nao_midia,ONG / ativismo (.org)
eubrasil.eu,1,MC,midia fora da lista fechada das 26 (convencao estrita)
geracaoeditorial.com.br,1,MC,midia fora da lista fechada das 26 (convencao estrita)
odiariodevieiropolis.com.br,1,MC,midia fora da lista fechada das 26 (convencao estrita)
pensopinando.com,1,MC,midia fora da lista fechada das 26 (convencao estrita)
3st.mn,1,MC,midia fora da lista fechada das 26 (convencao estrita)
novomomento.com.br,1,MC,midia fora da lista fechada das 26 (convencao estrita)
adcap.org.br,1,nao_midia,ONG / ativismo (.org)
debatesculturais.com.br,1,MC,midia fora da lista fechada das 26 (convencao estrita)
survio.com,1,MC,midia fora da lista fechada das 26 (convencao estrita)
monitorabrasil.com,1,MC,midia fora da lista fechada das 26 (convencao estrita)
vtohd.com,1,MC,midia fora da lista fechada das 26 (convencao estrita)
xn--cidado-7ta.xn--escria-dxa.se,1,MC,midia fora da lista fechada das 26 (convencao estrita)
gu.com,1,nao_resolvido,encurtador nao expandido
novaguia.org,1,nao_midia,ONG / ativismo (.org)
vidadesuporte.com.br,1,MC,midia fora da lista fechada das 26 (convencao estrita)
pesquisa.in.gov.br,1,nao_midia,institucional / governo
pregao-online.bmfbovespa.com.br,1,MC,midia fora da lista fechada das 26 (convencao estrita)
guiadoscuriosos.com.br,1,MC,midia fora da lista fechada das 26 (convencao estrita)
blog.estadaodados.com,1,MC,midia fora da lista fechada das 26 (convencao estrita)
luansperandio.jusbrasil.com.br,1,MC,midia fora da lista fechada das 26 (convencao estrita)
professorlfg.jusbrasil.com.br,1,MC,midia fora da lista fechada das 26 (convencao estrita)
psc.org.br,1,nao_midia,ONG / ativismo (.org)
ihu.unisinos.br,1,MC,midia fora da lista fechada das 26 (convencao estrita)
esmaelmorais.com.br,1,MC,midia fora da lista fechada das 26 (convencao estrita)
clickpb.com.br,1,MC,midia fora da lista fechada das 26 (convencao estrita)
minhaoperadora.com.br,1,MC,midia fora da lista fechada das 26 (convencao estrita)
secure.avaaz.org,1,nao_midia,plataforma / servico
imprenca.com,1,MC,midia fora da lista fechada das 26 (convencao estrita)
apub.org.br,1,nao_midia,ONG / ativismo (.org)
contrafcut.org.br,1,nao_midia,ONG / ativismo (.org)
geraldopost.com,1,MC,midia fora da lista fechada das 26 (convencao estrita)
abaixoassinadobrasil.com.br,1,MC,midia fora da lista fechada das 26 (convencao estrita)
cafedemadrugada.com.br,1,MC,midia fora da lista fechada das 26 (convencao estrita)
poltronapop.com.br,1,MC,midia fora da lista fechada das 26 (convencao estrita)
lucianoayan.com,1,MC,midia fora da lista fechada das 26 (convencao estrita)
bresserpereira.org.br,1,nao_midia,ONG / ativismo (.org)
ft.com,1,MC,midia fora da lista fechada das 26 (convencao estrita)
fenae.org.br,1,nao_midia,ONG / ativismo (.org)
blogs.odiario.com,1,MC,midia fora da lista fechada das 26 (convencao estrita)
blogdefranciscocastro.com.br,1,MC,midia fora da lista fechada das 26 (convencao estrita)
sanleandrotalk.voxpublica.org,1,nao_midia,ONG / ativismo (.org)
agenciaradio2.com.br,1,MC,midia fora da lista fechada das 26 (convencao estrita)
app.netbase.com,1,MC,midia fora da lista fechada das 26 (convencao estrita)
wscom.com.br,1,MC,midia fora da lista fechada das 26 (convencao estrita)
placar.eleicoes.rol.com.br,1,MC,midia fora da lista fechada das 26 (convencao estrita)
twitch.tv,1,MC,midia fora da lista fechada das 26 (convencao estrita)
executivosfinanceiros.com.br,1,MC,midia fora da lista fechada das 26 (convencao estrita)
pmdbmg.org.br,1,nao_midia,ONG / ativismo (.org)
naosalvo.com.br,1,MC,midia fora da lista fechada das 26 (convencao estrita)
softwarelivre.org,1,nao_midia,ONG / ativismo (.org)
m.vice.com,1,MC,midia fora da lista fechada das 26 (convencao estrita)
caminho21.com.br,1,MC,midia fora da lista fechada das 26 (convencao estrita)
sco.lt,1,MC,midia fora da lista fechada das 26 (convencao estrita)
scoop.it,1,nao_resolvido,encurtador nao expandido
eduardomoura.com.br,1,MC,midia fora da lista fechada das 26 (convencao estrita)
wpu.ir,1,MC,midia fora da lista fechada das 26 (convencao estrita)
portillodesign.com.br,1,MC,midia fora da lista fechada das 26 (convencao estrita)
correios.com.br,1,MC,midia fora da lista fechada das 26 (convencao estrita)
richardhering.com,1,MC,midia fora da lista fechada das 26 (convencao estrita)
pragmatismo.jusbrasil.com.br,1,MC,midia fora da lista fechada das 26 (convencao estrita)
revistaconsultamarcada.com.br,1,MC,midia fora da lista fechada das 26 (convencao estrita)
redeclipex.com.br,1,MC,midia fora da lista fechada das 26 (convencao estrita)
psol50.org.br,1,nao_midia,ONG / ativismo (.org)
bur.sn,1,MC,midia fora da lista fechada das 26 (convencao estrita)
lucianagenro.com.br,1,MC,midia fora da lista fechada das 26 (convencao estrita)
istoedinheiro.com.br,1,MC,midia fora da lista fechada das 26 (convencao estrita)
ipea.gov.br,1,nao_midia,institucional / governo
sensacionalista.com.br,1,MC,midia fora da lista fechada das 26 (convencao estrita)
umcertoputo.com.br,1,MC,midia fora da lista fechada das 26 (convencao estrita)
jansangharsh.com,1,MC,midia fora da lista fechada das 26 (convencao estrita)
lemonde.fr,1,MC,midia fora da lista fechada das 26 (convencao estrita)
fortune.com,1,MC,midia fora da lista fechada das 26 (convencao estrita)
blogs.ft.com,1,MC,midia fora da lista fechada das 26 (convencao estrita)
abmes.tv.br,1,MC,midia fora da lista fechada das 26 (convencao estrita)
portaldotrono.com,1,MC,midia fora da lista fechada das 26 (convencao estrita)
gadoo.com.br,1,MC,midia fora da lista fechada das 26 (convencao estrita)
jornaldebrasilia.com.br,1,MC,midia fora da lista fechada das 26 (convencao estrita)
wk3.com.br,1,MC,midia fora da lista fechada das 26 (convencao estrita)
miseria.com.br,1,MC,midia fora da lista fechada das 26 (convencao estrita)
varelanoticias.com.br,1,MC,midia fora da lista fechada das 26 (convencao estrita)
turmadochapeu.com.br,1,MC,midia fora da lista fechada das 26 (convencao estrita)
revistavaidape.com.br,1,MC,midia fora da lista fechada das 26 (convencao estrita)
pastordanielbatista.com,1,MC,midia fora da lista fechada das 26 (convencao estrita)
dinheirama.com,1,MC,midia fora da lista fechada das 26 (convencao estrita)
psdcamara.org.br,1,nao_midia,institucional / governo
fonacate.org.br,1,nao_midia,ONG / ativismo (.org)
manchetometro.com.br,1,MC,midia fora da lista fechada das 26 (convencao estrita)
atribuna.com.br,1,MC,midia fora da lista fechada das 26 (convencao estrita)
videos.clicrbs.com.br,1,MC,midia fora da lista fechada das 26 (convencao estrita)
dgabc.com.br,1,MC,midia fora da lista fechada das 26 (convencao estrita)
cadaminuto.com.br,1,MC,midia fora da lista fechada das 26 (convencao estrita)
tmi.me,1,nao_resolvido,encurtador nao expandido
puc-riodigital.com.puc-rio.br,1,MC,midia fora da lista fechada das 26 (convencao estrita)
pollkan.com,1,MC,midia fora da lista fechada das 26 (convencao estrita)
sjpmg.org.br,1,nao_midia,ONG / ativismo (.org)
justicaemfoco.com.br,1,MC,midia fora da lista fechada das 26 (convencao estrita)
goal.com,1,MC,midia fora da lista fechada das 26 (convencao estrita)
eldiario.es,1,MC,midia fora da lista fechada das 26 (convencao estrita)
radiosaoluiz.com,1,MC,midia fora da lista fechada das 26 (convencao estrita)
internetinnovation.com.br,1,MC,midia fora da lista fechada das 26 (convencao estrita)
i.imgur.com,1,MC,midia fora da lista fechada das 26 (convencao estrita)
manualdohomemmoderno.com.br,1,MC,midia fora da lista fechada das 26 (convencao estrita)
bzz.ms,1,nao_resolvido,encurtador nao expandido
radiotube.org.br,1,nao_midia,ONG / ativismo (.org)
radiorcn.com.br,1,MC,midia fora da lista fechada das 26 (convencao estrita)
porteirinhanoticias.com.br,1,MC,midia fora da lista fechada das 26 (convencao estrita)
naopqsim.com,1,MC,midia fora da lista fechada das 26 (convencao estrita)
gminas.tv,1,MC,midia fora da lista fechada das 26 (convencao estrita)
prefeitura.poa.br,1,nao_midia,institucional / governo
plc122.com.br,1,MC,midia fora da lista fechada das 26 (convencao estrita)
videos.sapo.pt,1,MC,midia fora da lista fechada das 26 (convencao estrita)
rabiscopop.com.br,1,MC,midia fora da lista fechada das 26 (convencao estrita)
portalpagina1.com,1,MC,midia fora da lista fechada das 26 (convencao estrita)
vitatrentina.it,1,MC,midia fora da lista fechada das 26 (convencao estrita)
autointeresse.com,1,MC,midia fora da lista fechada das 26 (convencao estrita)
ecopolitica.com.br,1,MC,midia fora da lista fechada das 26 (convencao estrita)
trust.org,1,nao_midia,ONG / ativismo (.org)
tvt.ag,1,MC,midia fora da lista fechada das 26 (convencao estrita)
repolitica.com.br,1,MC,midia fora da lista fechada das 26 (convencao estrita)
jn.pt,1,MC,midia fora da lista fechada das 26 (convencao estrita)
tudocelular.com,1,MC,midia fora da lista fechada das 26 (convencao estrita)
nivela.org,1,nao_midia,ONG / ativismo (.org)
skarnio.tv,1,MC,midia fora da lista fechada das 26 (convencao estrita)
climatempo.com.br,1,MC,midia fora da lista fechada das 26 (convencao estrita)
politicos.org.br,1,nao_midia,ONG / ativismo (.org)
josivandroavelar.com.br,1,MC,midia fora da lista fechada das 26 (convencao estrita)
ricmais.com.br,1,MC,midia fora da lista fechada das 26 (convencao estrita)
atualfm.com.br,1,MC,midia fora da lista fechada das 26 (convencao estrita)
zd.net,1,MC,midia fora da lista fechada das 26 (convencao estrita)
pampa.com.br,1,MC,midia fora da lista fechada das 26 (convencao estrita)
radioglobo.com.br,1,MC,midia fora da lista fechada das 26 (convencao estrita)
businessweek.com,1,MC,midia fora da lista fechada das 26 (convencao estrita)
correio.rac.com.br,1,MC,midia fora da lista fechada das 26 (convencao estrita)
cas.podomatic.com,1,MC,midia fora da lista fechada das 26 (convencao estrita)
mprs.mp.br,1,nao_midia,institucional / governo
fracassados.voto,1,MC,midia fora da lista fechada das 26 (convencao estrita)
portalmenina.com,1,MC,midia fora da lista fechada das 26 (convencao estrita)
wp.clicrbs.com.br,1,MC,midia fora da lista fechada das 26 (convencao estrita)
domingo.goo.gl,1,MC,midia fora da lista fechada das 26 (convencao estrita)
radiocultura1130.com.br,1,MC,midia fora da lista fechada das 26 (convencao estrita)
itunes.apple.com,1,nao_midia,plataforma / servico
difusora1580.com.br,1,MC,midia fora da lista fechada das 26 (convencao estrita)
tvufg.org.br,1,nao_midia,ONG / ativismo (.org)
senado.gov.br,1,nao_midia,institucional / governo
sgc.com.br,1,MC,midia fora da lista fechada das 26 (convencao estrita)
pinhaisfm.com.br,1,MC,midia fora da lista fechada das 26 (convencao estrita)
eliasfernandes.com.br,1,MC,midia fora da lista fechada das 26 (convencao estrita)
capitalfm883.com.br,1,MC,midia fora da lista fechada das 26 (convencao estrita)
paraibag7noticia.blogspot.in,1,MC,midia fora da lista fechada das 26 (convencao estrita)
omossoroense.com.br,1,MC,midia fora da lista fechada das 26 (convencao estrita)
clickfoz.com,1,MC,midia fora da lista fechada das 26 (convencao estrita)
bandanovosom.com.br,1,MC,midia fora da lista fechada das 26 (convencao estrita)
moby.to,1,nao_resolvido,encurtador nao expandido
diarioam570.com.br,1,MC,midia fora da lista fechada das 26 (convencao estrita)
vocefiscal.com.br,1,MC,midia fora da lista fechada das 26 (convencao estrita)
tre-rn.jus.br,1,nao_midia,institucional / governo
popmundi.com.br,1,MC,midia fora da lista fechada das 26 (convencao estrita)
tlsur.net,1,MC,midia fora da lista fechada das 26 (convencao estrita)
estrelando.com.br,1,MC,midia fora da lista fechada das 26 (convencao estrita)
rastro101.com.br,1,MC,midia fora da lista fechada das 26 (convencao estrita)
mypict.me,1,nao_resolvido,encurtador nao expandido
foreignpolicy.com,1,MC,midia fora da lista fechada das 26 (convencao estrita)
danceanos90.com,1,MC,midia fora da lista fechada das 26 (convencao estrita)
campl.us,1,nao_resolvido,encurtador nao expandido
parnaibatv.com,1,MC,midia fora da lista fechada das 26 (convencao estrita)
dicionarioinformal.com.br,1,MC,midia fora da lista fechada das 26 (convencao estrita)
al.es.gov.br,1,nao_midia,institucional / governo
mats.dowjones.com,1,MC,midia fora da lista fechada das 26 (convencao estrita)
portugues.rfi.fr,1,MC,midia fora da lista fechada das 26 (convencao estrita)
portalmidia.net,1,MC,midia fora da lista fechada das 26 (convencao estrita)
construindodiamantes.com,1,MC,midia fora da lista fechada das 26 (convencao estrita)
seatualize.com,1,MC,midia fora da lista fechada das 26 (convencao estrita)
tapera.com.br,1,MC,midia fora da lista fechada das 26 (convencao estrita)
radiojaboatao.com.br,1,MC,midia fora da lista fechada das 26 (convencao estrita)
ulissesejainelalio.com.br,1,MC,midia fora da lista fechada das 26 (convencao estrita)
noticias.cancaonova.com,1,MC,midia fora da lista fechada das 26 (convencao estrita)
supertiras.oiarte.com,1,MC,midia fora da lista fechada das 26 (convencao estrita)
radionereuramos.com.br,1,MC,midia fora da lista fechada das 26 (convencao estrita)
abdallahfm.com.br,1,MC,midia fora da lista fechada das 26 (convencao estrita)
es24horas.com.br,1,MC,midia fora da lista fechada das 26 (convencao estrita)
radiosoledade.com,1,MC,midia fora da lista fechada das 26 (convencao estrita)
jornalacidade.com.br,1,MC,midia fora da lista fechada das 26 (convencao estrita)
comunidade.vocefiscal.org,1,nao_midia,ONG / ativismo (.org)
educativa105.org,1,nao_midia,ONG / ativismo (.org)
fiscal.org.br,1,nao_midia,ONG / ativismo (.org)
tvmaster.tv,1,MC,midia fora da lista fechada das 26 (convencao estrita)
radios.com.br,1,MC,midia fora da lista fechada das 26 (convencao estrita)
mendigoonline.blog.br,1,MC,midia fora da lista fechada das 26 (convencao estrita)
imgur.com,1,MC,midia fora da lista fechada das 26 (convencao estrita)
odiafortaleza.com.br,1,MC,midia fora da lista fechada das 26 (convencao estrita)
britonicos.com,1,MC,midia fora da lista fechada das 26 (convencao estrita)
gist.github.com,1,MC,midia fora da lista fechada das 26 (convencao estrita)
diocesesantoandre.org.br,1,nao_midia,ONG / ativismo (.org)
joaoalberto.com,1,MC,midia fora da lista fechada das 26 (convencao estrita)
racismoambiental.net.br,1,MC,midia fora da lista fechada das 26 (convencao estrita)
ondapositivafm.com.br,1,MC,midia fora da lista fechada das 26 (convencao estrita)
rnkpr.com,1,MC,midia fora da lista fechada das 26 (convencao estrita)
tvcom.com.br,1,MC,midia fora da lista fechada das 26 (convencao estrita)
aredacao.com.br,1,MC,midia fora da lista fechada das 26 (convencao estrita)
showspelobrasiloficial.com.br,1,MC,midia fora da lista fechada das 26 (convencao estrita)
giphy.com,1,MC,midia fora da lista fechada das 26 (convencao estrita)
moi.st,1,nao_resolvido,encurtador nao expandido
brasilalemanhaeterno.com,1,MC,midia fora da lista fechada das 26 (convencao estrita)
dogsapp.com.br,1,MC,midia fora da lista fechada das 26 (convencao estrita)
blive-ti.com.br,1,MC,midia fora da lista fechada das 26 (convencao estrita)
infobae.com,1,MC,midia fora da lista fechada das 26 (convencao estrita)
69.30.217.199:9038,1,MC,midia fora da lista fechada das 26 (convencao estrita)
radio.cancaonova.com,1,MC,midia fora da lista fechada das 26 (convencao estrita)
bibliadocaminho.com,1,MC,midia fora da lista fechada das 26 (convencao estrita)
pt.wikipedia.org,1,nao_midia,plataforma / servico
metrojorn.al,1,MC,midia fora da lista fechada das 26 (convencao estrita)
politicanarede.com,1,MC,midia fora da lista fechada das 26 (convencao estrita)
fmhits.com.br,1,MC,midia fora da lista fechada das 26 (convencao estrita)
questaoindigena.org,1,nao_midia,ONG / ativismo (.org)
ruralbr.com.br,1,MC,midia fora da lista fechada das 26 (convencao estrita)
tv40.marinasilva.org.br,1,nao_midia,ONG / ativismo (.org)
papelpop.com,1,MC,midia fora da lista fechada das 26 (convencao estrita)
omachoalpha.com.br,1,MC,midia fora da lista fechada das 26 (convencao estrita)
radioexija.com,1,MC,midia fora da lista fechada das 26 (convencao estrita)
ormnews.com.br,1,MC,midia fora da lista fechada das 26 (convencao estrita)
cidadedorio.com,1,MC,midia fora da lista fechada das 26 (convencao estrita)
bandab.com.br,1,MC,midia fora da lista fechada das 26 (convencao estrita)
afp.com,1,MC,midia fora da lista fechada das 26 (convencao estrita)
praza.gal,1,MC,midia fora da lista fechada das 26 (convencao estrita)
globo.tv,1,MC,midia fora da lista fechada das 26 (convencao estrita)
jnoonline.com,1,MC,midia fora da lista fechada das 26 (convencao estrita)
ultimato.com.br,1,MC,midia fora da lista fechada das 26 (convencao estrita)
sindjustica.com,1,MC,midia fora da lista fechada das 26 (convencao estrita)
jornalfolhadosul.com.br,1,MC,midia fora da lista fechada das 26 (convencao estrita)
yle.fi,1,MC,midia fora da lista fechada das 26 (convencao estrita)
amazon.com.br,1,nao_midia,plataforma / servico
vagalume.com.br,1,MC,midia fora da lista fechada das 26 (convencao estrita)
padrepauloricardo.org,1,nao_midia,ONG / ativismo (.org)
iecim.org,1,nao_midia,ONG / ativismo (.org)
canaldootario.com.br,1,MC,midia fora da lista fechada das 26 (convencao estrita)
carlosono.com.br,1,MC,midia fora da lista fechada das 26 (convencao estrita)
nyti.ms,1,nao_resolvido,encurtador nao expandido
diariogaucho.clicrbs.com.br,1,MC,midia fora da lista fechada das 26 (convencao estrita)
beneficios.gov,1,nao_midia,institucional / governo
amda.org.br,1,nao_midia,ONG / ativismo (.org)
melhoresdomundo.net,1,MC,midia fora da lista fechada das 26 (convencao estrita)
mudevoceomundo.com,1,MC,midia fora da lista fechada das 26 (convencao estrita)
internazionale.it,1,MC,midia fora da lista fechada das 26 (convencao estrita)
saladeimprensa.ibge.gov.br,1,nao_midia,institucional / governo
entrelinhablog.com.br,1,MC,midia fora da lista fechada das 26 (convencao estrita)
programadegoverno.dilma.com.br,1,MC,midia fora da lista fechada das 26 (convencao estrita)
ccr.org.br,1,nao_midia,ONG / ativismo (.org)
fsindical-rs.org.br,1,nao_midia,ONG / ativismo (.org)
zi.cx,1,MC,midia fora da lista fechada das 26 (convencao estrita)
windowsphonemais.com.br,1,MC,midia fora da lista fechada das 26 (convencao estrita)
mme.gov.br,1,nao_midia,institucional / governo
ubes.org.br,1,nao_midia,ONG / ativismo (.org)
scontent-b-gru.xx.fbcdn.net,1,MC,midia fora da lista fechada das 26 (convencao estrita)
tobechic.tempsite.ws,1,MC,midia fora da lista fechada das 26 (convencao estrita)
tre-mg.jus.br,1,nao_midia,institucional / governo
projetodraft.com,1,MC,midia fora da lista fechada das 26 (convencao estrita)
lounge.obviousmag.org,1,nao_midia,ONG / ativismo (.org)
mundoid.blogs.sapo.pt,1,MC,midia fora da lista fechada das 26 (convencao estrita)
equaltimes.org,1,nao_midia,ONG / ativismo (.org)
myinstants.com,1,MC,midia fora da lista fechada das 26 (convencao estrita)
muco.com.br,1,MC,midia fora da lista fechada das 26 (convencao estrita)
rfi.my,1,MC,midia fora da lista fechada das 26 (convencao estrita)
metrojornal.com.br,1,MC,midia fora da lista fechada das 26 (convencao estrita)
vai.la,1,MC,midia fora da lista fechada das 26 (convencao estrita)
unila.edu.br,1,MC,midia fora da lista fechada das 26 (convencao estrita)
fab.mil.br,1,MC,midia fora da lista fechada das 26 (convencao estrita)
obrnoticias.com.br,1,MC,midia fora da lista fechada das 26 (convencao estrita)
prers.mpf.gov.br,1,nao_midia,institucional / governo
windsonmateus.com.br,1,MC,midia fora da lista fechada das 26 (convencao estrita)
