ID,stance,cat_1,cat_2,cat_3,cat_4,cat_5,cat_6,cat_7,cat_8,cat_9,cat_10,cat_11,cat_12,cat_13,cat_14
1491046819593605120,anti,0,0,0,0,0,0,0,0,0,0,0,0,0,0
1478857863175016455,nenhum,0,1,0,0,0,0,0,0,0,0,0,0,0,0
1479254016114806784,pro,1,1,0,0,1,0,0,0,0,0,0,0,0,1
1482090830802337798,nenhum,1,0,0,0,0,0,0,0,0,0,0,0,0,0
1476290157703839750,pro,0,0,0,0,0,0,0,1,0,0,0,0,0,0
1480929627812020232,nenhum,0,0,0,0,0,0,0,0,0,0,0,0,0,0
1478313803242692615,anti,1,1,0,0,0,0,0,0,0,0,0,0,0,0
1481414519649972226,anti,1,0,0,1,0,0,1,0,0,0,0,0,0,0
1489797491092561924,anti,0,0,1,0,0,1,0,0,0,0,0,0,0,0
1486155698731954178,pro,0,0,0,0,1,0,0,0,0,0,0,0,0,0
1481307214719688705,pro,1,0,1,0,0,0,0,0,0,0,0,0,0,0
1479985876205772804,anti,0,0,0,1,1,0,1,0,0,0,0,0,0,0
1488882563909357577,anti,1,0,1,0,0,0,0,0,0,0,0,0,0,0
1475323450310987780,pro,1,0,0,0,1,1,0,0,0,0,0,0,0,0
1480714393780428805,anti,0,1,0,1,0,0,0,0,0,0,0,0,0,0
1473664174899314699,pro,0,0,1,0,0,0,0,0,0,0,0,0,0,0
1484359630541099011,pro,1,1,0,0,1,0,0,1,0,0,0,0,0,0
1473817378932899845,pro,1,1,0,0,0,0,0,0,1,0,0,0,0,0
1479527497528233990,anti,0,0,1,0,0,0,0,0,0,0,0,0,0,0
1478369374771679236,nenhum,0,0,0,0,0,1,0,0,0,0,0,0,0,0
1478835587578744832,anti,1,0,0,0,0,0,0,0,0,0,0,0,0,0
1478562252462694403,anti,0,0,1,0,0,0,0,0,0,0,0,0,0,0
1481380946419068933,anti,1,0,0,0,0,0,0,0,0,0,0,0,0,0
1486801594381443083,nenhum,0,0,0,0,1,0,0,0,0,0,0,0,0,0
1479248804465594370,anti,0,1,0,0,0,0,0,0,0,0,0,0,0,0
1481413698832973827,anti,0,0,1,0,0,0,0,0,0,0,0,0,0,0
1484263541020504069,pro,1,0,0,0,1,0,0,0,0,0,0,0,0,0
1479856573518430211,anti,0,0,1,0,0,0,0,0,0,0,0,0,0,0
1479139506326491142,anti,0,0,0,1,0,0,0,0,0,0,0,0,0,0
1478129936284143629,pro,0,0,0,0,0,0,1,0,0,0,1,0,0,0
1476606552958287878,nenhum,1,0,0,0,0,0,0,0,0,0,0,0,0,0
1470986050197762048,anti,0,1,0,1,1,0,0,0,0,0,0,0,0,0
1482078581148770320,nenhum,1,0,0,0,0,0,0,0,0,0,0,0,0,0
1486720002795311108,anti,0,0,0,1,0,0,0,0,0,0,0,1,0,0
1474019082307579919,anti,0,1,1,0,0,0,0,0,0,0,0,0,0,0
1474058103448612878,pro,1,1,1,0,0,0,0,0,0,0,0,0,0,0
1487468547618000900,anti,0,0,0,0,0,0,1,0,0,0,1,0,0,0
1484703711234506753,pro,0,0,0,0,1,0,0,0,1,0,0,0,0,0
1469329085553913861,pro,1,0,0,0,0,0,0,0,0,0,0,0,0,0
1481426685375434754,anti,0,0,0,1,0,1,0,0,0,0,0,0,0,0
1481382901497405440,nenhum,0,1,0,0,0,0,0,0,0,0,0,0,0,0
1468932530950844419,anti,0,0,1,0,0,0,0,0,0,0,0,0,0,0
1477319623641116675,anti,0,0,0,1,0,0,0,0,0,0,0,0,0,0
1480170823398965248,pro,1,0,0,0,0,0,0,0,0,0,1,0,0,0
1480910268855115779,pro,0,0,0,0,0,0,1,0,0,0,1,0,0,0
1484247944169721857,pro,1,1,0,0,0,0,1,0,0,0,0,0,0,0
1482351814213255171,pro,0,1,0,0,0,0,0,0,0,0,0,0,0,0
1471512403825152011,nenhum,0,1,0,0,0,0,0,0,0,0,0,0,0,0
1481262688198082563,anti,0,0,0,1,0,0,0,0,0,0,0,0,0,0
1479982415791763457,anti,0,1,0,0,0,0,0,0,0,1,0,1,0,0
1473393475492196353,anti,1,0,0,0,0,0,0,0,0,0,0,0,0,0
1472556523482189825,nenhum,0,0,0,0,0,0,0,0,0,0,0,0,0,0
1482752301580398592,nenhum,0,1,0,0,0,0,0,0,0,0,0,0,0,0
1483642179159474180,pro,0,0,0,0,1,0,0,1,0,0,0,0,0,0
1469819560652066817,pro,0,0,1,0,0,0,0,0,0,0,0,0,0,0
1486685022346227716,pro,0,0,0,0,1,0,0,0,0,1,0,0,0,0
1480899797909270533,anti,1,1,0,0,0,0,0,0,0,0,0,0,0,0
1479190212077133832,nenhum,1,0,0,0,0,0,0,0,0,0,0,0,0,0
1473389739357224961,pro,0,0,0,0,0,0,0,1,0,0,0,0,0,0
1474328758257696769,pro,0,1,0,0,1,0,0,1,0,0,0,0,0,0
1483241236559454209,anti,0,0,1,1,0,1,0,0,0,0,1,0,0,0
1479494678915522566,anti,1,0,0,1,0,0,0,0,0,1,0,0,0,0
1486452729786605569,pro,1,1,1,0,0,0,0,1,0,0,0,0,0,0
1474228340483506177,pro,1,1,0,0,0,0,0,1,0,0,0,0,0,0
1473343226878873614,anti,0,1,1,0,0,0,0,0,0,0,0,0,0,0
1471835091144003592,nenhum,1,1,0,0,0,0,0,0,0,0,0,1,0,0
1471538208982937601,anti,1,1,0,1,0,0,0,0,0,0,0,0,0,0
1489051008198070275,nenhum,0,0,1,0,0,0,0,0,0,0,0,0,0,0
1482559040844619777,pro,0,0,0,0,0,0,1,0,0,0,1,0,0,0
1485206154997338118,nenhum,0,1,0,0,0,0,0,1,0,0,0,0,0,0
1483910148728971269,anti,1,1,1,0,0,0,0,0,0,0,0,0,0,0
1478333859297120260,pro,0,0,0,0,0,0,1,1,0,0,0,0,0,0
1482694001451016194,pro,1,0,0,0,0,0,0,0,1,0,0,1,0,0
1474331517920759808,nenhum,1,1,1,0,0,0,0,0,0,0,0,0,0,0
1474369008111693829,pro,1,1,1,0,0,0,0,0,0,0,0,0,0,0
1485201804895916033,anti,0,0,0,1,0,0,1,0,0,0,0,0,0,1
1477721282015866886,pro,0,0,0,0,0,0,0,1,0,0,1,0,0,0
1484032374992252929,anti,0,1,0,1,0,0,0,0,0,1,0,0,0,0
1489942913496883200,anti,0,0,0,1,0,0,0,0,0,0,0,1,0,0
1489926339226488832,anti,0,1,0,1,0,0,0,0,0,0,0,0,0,0
1488165175916056578,pro,0,0,1,0,0,0,0,0,0,0,0,0,0,0
1477031808269180928,anti,1,0,1,0,0,0,0,0,0,0,0,0,0,0
1473650727406997504,pro,0,1,0,0,0,0,0,0,0,0,0,0,0,0
1469286715923836931,nenhum,0,0,0,0,0,0,0,0,0,0,0,0,0,0
1483117162738896898,pro,1,1,0,0,1,0,0,0,0,0,0,0,0,0
1480936028596805641,nenhum,0,1,0,0,0,1,0,0,0,0,0,1,0,0
1487481088842899457,anti,0,0,1,0,1,0,0,0,0,0,0,0,0,0
1479529258443808772,pro,1,0,0,0,0,0,1,0,0,0,0,0,0,0
1481239366907355141,pro,1,0,0,0,1,0,0,0,0,1,0,0,0,0
1480949059171274753,pro,0,1,0,0,0,0,0,0,1,1,0,0,0,0
1472670322121973762,pro,0,1,0,0,0,1,0,0,0,0,1,0,0,0
1473690895837011971,nenhum,0,0,0,0,1,0,0,0,0,1,0,0,0,0
1476952479900356610,pro,0,0,0,0,0,0,1,1,0,0,0,0,0,0
1484257496357294086,pro,1,1,0,0,1,0,0,0,0,0,0,0,0,0
1480596636795604994,pro,0,1,0,0,0,0,0,1,0,0,1,0,0,0
1477704810338078724,anti,0,0,0,1,0,1,0,0,0,0,0,0,0,0
1483209634450010112,pro,1,0,0,0,0,0,0,0,0,0,0,0,0,0
1477838470450196482,pro,0,0,0,0,0,0,1,0,0,0,0,0,0,0
1474327056997625856,anti,1,1,1,0,0,0,0,0,0,0,0,0,0,0
1486108868795158532,pro,0,0,1,0,0,0,0,1,0,0,0,0,0,0
