ID,tweet,gab
1256,"🚨Áustria 🇦🇹: Por 137 a 37 o conselho nacional austríaco, acaba de aprovar a vacinação obrigatória contra a Covid-19. Pela lei aprovada, maiores de 18 anos que não se vacinarem devem pagar uma multa de €3.600 euros.",anti
723,"Barroso faz o certo é impõe o passaporte da vacina em liminar. Trata-se de garantir direitos fundamentais do povo brasileiro. Bolsonaro intensifica vomitório antivacina p/ manter unida sua base de alucinados. STF cumpre seu dever. Agora, ogro vai atacar o ministro e o tribunal.",pro
114,"Só pra lembrar , o dia que o presidente da OMS recomendou a não vacinar as crianças ! 👇🏻 https://t.co/v6kcnSqxlO",anti
918,"Recomendação para vacinação de crianças pequenas com a Pfizer: ""Observar se a criança apresenta falta de ar, dor no peito ou taquicardia"".",anti
632,"Diante de uma nova variante e do aumento de casos e internações, quais serão os desafios do Brasil na saúde pública em 2022, com um presidente negacionista e as fake news  contra a vacina? #equipeLula https://t.co/A3RNNTohBv",pro
984,"Receio de vacinar criança não é ser contra vacina.Crianças são muito mais resistentes ao vírus.Adultos vacinados tem sintomas diminuídos. https://t.co/pIGAmqf8ol Risco de COVID é quase nulo em crianças,e não se sabe de sintomas a longo prazo da vacina.",anti
696,Governo de São Paulo decide obrigar as escolas estaduais a notificar o conselho tutelar caso os pais não apresentem a carteira de vacinação do covid.,anti
414,Prestem atenção a esse tipo de matéria q vai se repetir em muitos veículos como papagaios. Questionar hoje é crime. Ser crítico é pecado. E gado somos nós,anti
1333,"ATENÇÃO:  Eu descobri como acessar os dados vacinais da Covid-19 no ConectSUS.  O procedimento precisa ser feito rapidamente, para não dar erro.  O passo a passo está descrito abaixo para que pessoas que não têm o cartão físico, possam printar a tela e tentar se vacinar +++",pro
1430,"O Brasil não precisa de mais armas. O Brasil precisa de emprego, comida na mesa, vacina e paz. Vamos cuidar do que interessa e trabalhar juntos para ajudar nosso povo a superar a crise. O momento exige responsabilidade e união para reerguermos o RJ e o Brasil. #PLdaBalaSoltaNao",pro
357,"Tem que cobrar comprovante de vacinação nos locais de votação, né?",pro
643,Anvisa aprova registro de insumo e Fiocruz fabricará vacina 100% nacional.,pro
611,Ana Luiza tem mais coragem e senso de responsabilidade do que muito antivacina https://t.co/07VFjuTMDC,pro
1336,"Bia Kicis é aquela deputada que apoia o sigilo de 100 anos nos crimes do governo, mas vaza dados sigilosos de médicos favoráveis a vacina.",pro
528,Vacinação das crianças bombando no 🇧🇷 … a turma negacionista pira…  Eles veem fotos de crianças sorridentes 😀 sendo vacinadas e ficam com raiva 😡  Gente estranha 🙏🏻  🇧🇷🇧🇷🇧🇷,pro
1072,Dados da Santa Casa de Misericórdia de Passos.  Fonte: https://t.co/1Itt77XV0d https://t.co/n9TTK4NVn9,anti
618,URGENTE: a Anvisa acaba de liberar o uso da vacina da Pfizer para imunizar crianças a partir de 5 anos contra a Covid-19. Um avanço pro combate à pandemia no país!,pro
29,"Suécia,Noruega e México não recomendam vacinação em crianças _x0085_Por quê?",anti
47,Se o Lula ou a Dilma negassem vacina para crianças o Jornal Nacional começaria ao meio-dia.,pro
304,Querem obrigar vacinação nos juizes?? Agora foram longe demais!! 🤣🤣 https://t.co/RGZNUf0BBu,anti
1240,"Quer dizer que o Chefe da Anvisa rebateu o Presidente sobre vacina infantil e cobrou retratação?  Será que ele é um dos ""tarados por vacina"" que o Bolsonaro falou?  Taradão!!!",anti
847,“Oito especialistas em vacinação do governo austríaco têm vínculos financeiros com a indústria. Um nome continua aparecendo: Pfizer. Há pouco interesse pela transparência”. Nem a ORF - a TV financiada com dinheiro público escapa. Está explicada a vacinação obrigatória na Áustria.,anti
1082,"A cepa ômicron não aumenta internações/óbitos.As vacinas tem pouca eficácia contra ela. Então ela pode estar funcionando como uma  vacina,disseminando a imunidade natural.Também torna inúteis os passaportes vacinais do ⁦@eduardo paes⁩",anti
1354,e teu pai que negava vacina pra criancinha,pro
857,Eduardo Bolsonaro: vacinado Flavio Bolsonaro: vacinado Michele Bolsonaro: vacinada Renan Bolsonaro: vacinado Carlos Bolsonaro: vacinado Jair Bolsonaro: 100 anos de sigilo  E você fazendo campanha contra a vacinação,pro
673,SUPREMA CORTE QUE DEFENDE A LIBERDADE DO INDIVÍDUO! A Suprema Corte Americana derrubou a regra imposta pelo governo democrata de Joe Biden sobre obrigatoriedade de vacinação para trabalhadores em empresas com mais de 100 funcionários.,anti
829,"Covaxin, quem lembra? Governo Bolsonaro empenhando R$ 1,6 bi pra importar uma vacina via empresa de fachada, com documentos de importação fraudados. E quando a mídia apontou a fraude, Onyx Lorenzoni chamou uma coletiva pra dizer que um documento falso era real, e o real era falso https://t.co/YlD0cjrmax",pro
1300,"1.Ontem, na Itália, um professor de 33 anos em desespero despejou 20L de gasolina em seu corpo e se incendiou em protesto contra os mandatos de vacinação depois de ter sido suspenso de seu trabalho s/ remuneração Mesmo c/ o socorro imediato, ele veio a falecer 😔   + https://t.co/VjK4ceUro9",anti
1036,"9 em cada 10 pessoas que estão em estado grave no Hospital Ronaldo Gazolla, no Rio, não se vacinaram. Esse é o resultado da irresponsabilidade de políticos que transformaram a vacina em arma de guerra ideológica. Não escutem os negacionistas, se imunizem.",pro
763,"Notaram que TUDO pode causar mal súbito, exceto a vacina? 😒",anti
