ID,particao,stance_humano,texto_ja_visto
1491046819593605120,reservado,pro,False
1478857863175016455,calibracao,nenhum,True
1479254016114806784,calibracao,pro,False
1482090830802337798,calibracao,nenhum,False
1476290157703839750,reservado,pro,False
1480929627812020232,calibracao,nenhum,True
1478313803242692615,calibracao,anti,False
1481414519649972226,calibracao,anti,False
1489797491092561924,calibracao,nenhum,True
1486155698731954178,calibracao,pro,False
1481307214719688705,calibracao,pro,False
1479985876205772804,calibracao,nenhum,True
1488882563909357577,calibracao,nenhum,True
1475323450310987780,calibracao,nenhum,True
1480714393780428805,reservado,anti,False
1473664174899314699,calibracao,nenhum,True
1484359630541099011,reservado,pro,False
1473817378932899845,calibracao,pro,False
1479527497528233990,calibracao,anti,False
1478369374771679236,calibracao,nenhum,False
1478835587578744832,calibracao,pro,False
1478562252462694403,calibracao,anti,False
1481380946419068933,calibracao,nenhum,True
1486801594381443083,reservado,pro,False
1479248804465594370,calibracao,anti,False
1481413698832973827,reservado,pro,False
1484263541020504069,calibracao,pro,False
1479856573518430211,reservado,nenhum,False
1479139506326491142,reservado,anti,False
1478129936284143629,reservado,pro,False
1476606552958287878,reservado,nenhum,False
1470986050197762048,calibracao,anti,False
1482078581148770320,reservado,nenhum,False
1486720002795311108,reservado,anti,False
1474019082307579919,calibracao,pro,False
1474058103448612878,reservado,pro,False
1487468547618000900,calibracao,anti,False
1484703711234506753,reservado,pro,False
1469329085553913861,calibracao,pro,False
1481426685375434754,calibracao,anti,False
1481382901497405440,reservado,pro,False
1468932530950844419,reservado,anti,False
1477319623641116675,calibracao,anti,False
1480170823398965248,reservado,pro,False
1480910268855115779,reservado,pro,False
1484247944169721857,calibracao,pro,False
1482351814213255171,calibracao,pro,False
1471512403825152011,calibracao,nenhum,False
1481262688198082563,calibracao,anti,False
1479982415791763457,reservado,anti,False
1473393475492196353,reservado,nenhum,False
1472556523482189825,calibracao,pro,False
1482752301580398592,calibracao,nenhum,False
1483642179159474180,calibracao,pro,False
1469819560652066817,reservado,nenhum,False
1486685022346227716,calibracao,pro,False
1480899797909270533,reservado,nenhum,False
1479190212077133832,calibracao,nenhum,False
1473389739357224961,calibracao,pro,False
1474328758257696769,reservado,pro,False
1483241236559454209,reservado,nenhum,False
1479494678915522566,reservado,anti,False
1486452729786605569,reservado,pro,False
1474228340483506177,reservado,pro,False
1473343226878873614,reservado,anti,False
1471835091144003592,calibracao,nenhum,False
1471538208982937601,reservado,anti,False
1489051008198070275,reservado,nenhum,False
1482559040844619777,reservado,pro,False
1485206154997338118,reservado,nenhum,False
1483910148728971269,reservado,anti,False
1478333859297120260,reservado,pro,False
1482694001451016194,reservado,pro,False
1474331517920759808,reservado,nenhum,False
1474369008111693829,calibracao,pro,False
1485201804895916033,reservado,anti,False
1477721282015866886,reservado,pro,False
1484032374992252929,calibracao,nenhum,False
1489942913496883200,reservado,anti,False
1489926339226488832,calibracao,anti,False
1488165175916056578,reservado,nenhum,False
1477031808269180928,calibracao,nenhum,False
1473650727406997504,reservado,pro,False
1469286715923836931,calibracao,pro,False
1483117162738896898,calibracao,pro,False
1480936028596805641,reservado,nenhum,False
1487481088842899457,reservado,anti,False
1479529258443808772,reservado,pro,False
1481239366907355141,reservado,nenhum,False
1480949059171274753,calibracao,pro,False
1472670322121973762,reservado,nenhum,False
1473690895837011971,reservado,pro,False
1476952479900356610,calibracao,pro,False
1484257496357294086,reservado,pro,False
1480596636795604994,calibracao,pro,False
1477704810338078724,calibracao,anti,False
1483209634450010112,reservado,nenhum,False
1477838470450196482,calibracao,pro,False
1474327056997625856,reservado,nenhum,False
1486108868795158532,calibracao,pro,False
