ad_url,ad_creative_body,ad_creative_link_title,ad_creative_link_description,Label
https://www.facebook.com/ads/library/?id=452663662129119,"Maledetta Sinistra. 🎇Sei maledetta perché vai contro gli interessi nazionali del tuo paese, sotto il tuo falso e ipocrita solidarismo internazionale, nascondi come il mostro Alien(nel film), una voracità nel distruggere il tuo Paese(gli usi, i costumi, le tradizioni, il gruppo etnico italico) nonostante gli 8 milioni di poveri conclamato he il nostro paese. Tu lercia sinistra vuoi accogliere tutti i migrantibeconomici(per fare business con le cc operative coatto-comuniste e soprattutto per sostituire gli Italiani con i migranti economici, sei tubschifosacsinistra che sei razzista, affermando che i migranti economici hanno precedenza nei confronti degli Italiani, assegnando le case popolari agli ultimi arrivati, non facendo pagare niente ai migranti economici, tutto è dovuto a loro, noi Italiani che siamo da generazioni qui abbiamo meno diritti di questi galantuomini venuti da poco. Se per te questa è giustizia sociale naledetta  sinistra hai sbagliati perché il tuo Marx imponeva a tutti di aiutare non facendo discriminazioni, probabilmente cara sinistra chiccosa non ti ricorderai il mondialismo marxista che imponeva di aiutare tutti senza distinzioni di gruppo etnico, ma sai la non conoscenza porta acquesti sbagli clamorosi. Cara sinistra radical chic vuoi creare con questi migranti eco omici dei nuovi schiavi che ti lavorano a tre euro all'ora senza garanzie sindacali, brava sinistra  bello così prendi i voti dal popolo e dopo  applichi la tua vera teoria: pensiero a sinistra e portafoglio a destra. Ma tu sinistra nostrana invece di essere solidale con le forze d'élite e poteri fortifai l'interesse nazionale dubito altamente. tu vuoi avvantaggiare alcune élite sovranazionali come la Commissione cEuropea, i cui membri non sono eletti dal popolo ma da pochi intimi.. Tu continui a umiliare il popolo Italiano con il tuo buonismo collaudato e corroborate. Maledetta Sinistra, spero che tu possa bruciare all'inferno come le streghe. . Non hai nulla di democratico, sei nichilista, buonista e soprattutto propugni contenuti negativi: l'eutanasia, il conflitto è la competizione continua fra l'uomo e la donna, insegni alle donne italiane in modo subdolo a non avere figli,( avere bambini costa ed è v doloroso), usi l'aborto come un contraccettivo comune, fai dell'omosessualita'un vanto, infatti si è visto cosa hai combinato Bibbiano portavi via i figli alle famiglie norma li e li davi in adozione alle propugnatrici del Safismo che schifo mi fai, distruggere la classica famiglia composta da un uomo e una donna, gli neghi ogni sostegno  che Dio ti maledica. La Boschi fa la Robespierre e poi durante il suo governo Renzi quante banche sono fallite cedi banca Etruria. IN UMBRIA LA SANITA' E'STATA AZZERATA PER GLI SCANDALI, ANCHE LA PRESIDENTE DELLA REGIONE UMBRA È CSTATA COINVOLTA, POCHE PAROLE DI QUESTO MWGA SBALIO. IL DIRIGENTE Rossi  del Monte dei Paschi di Siena si è csuicidato in modo strano e sospetto, dato che i dubbi rimangono sulla sua morte, il PD ha fatto della Toscana il suo feudo, infatti i meschini risultati si vedono, voi di sinistra Bru ciate all'infernp",0,0,5
https://www.facebook.com/ads/library/?id=567539107080038,"Migranti SpA. Lega e 5 Stelle aprono le porte ai privati che l’Austria caccia via.

Il Decreto Sicurezza fa felici le holding dell’accoglienza migranti. Vienna intanto internalizza la gestione e abbandona la controversa ORS. Che ora punta sull’Italia.

l giro di vite governativo sul sistema di accoglienza di migranti, rifugiati e richiedenti asilo imposto dal Decreto Sicurezza ha già prodotto un sicuro vincitore: il gruppo privato elvetico ORS. La società, controllata dal private equity londinese Equistone Partners, gestisce da anni decine di centri per migranti in Svizzera, Austria e Germania e il 22 agosto scorso ha annunciato ufficialmente il suo arrivo in Italia. Il contesto legale plasmato da Matteo Salvini non potrebbe essere più favorevole. Il drastico ridimensionamento del sistema Sprar in favore dei CAS, gestiti dai privati, rappresenta un’occasione troppo ghiotta. Grandi centri di massa, improntati al risparmio (almeno in apparenza) e orientati al profitto.

www.valori.it per approfondire

#valori #finanza #etica #decretosicurezza #migranti #accoglienza #sicurezza #sprar #privatizzazioni",0,0,3
https://www.facebook.com/ads/library/?id=296592924587973,"Intervento di chiusura di Giuseppe Vacca, Vice Presidente L’Italia Che Verrà
Convegno “Lo scenario migratorio e la specificità in Italia” organizzato da l’associazione L’Italia Che Verrà, tenutosi nella sede del CNEL il 16 Aprile 2019, in occasione della presentazione del rapporto OCSE sulle migrazioni per il 2018, e del rapporto specifico sulla immigrazione e presenza straniera in Italia curato in collaborazione con l’associazione L’Italia Che Verrà.
#GiuseppeVacca
#LItaliaCheVerra
#Europa
#OCSE
#CNEL",Intervento di chiusura di Giuseppe Vacca / Vice Presidente L’Italia Che Verrà,"Convegno “Lo scenario migratorio e la specificità in Italia” organizzato da l’associazione L’Italia Che Verrà, tenutosi nella sede del CNEL il 16 Aprile 2019, in occasione della presentazione del rapporto OCSE sulle migrazioni per il 2018, e del rapporto specifico sulla immigrazione e pres...",3
https://www.facebook.com/ads/library/?id=2509568722468798,"Incontro dibattito per discutere sui temi di integrazione, legata alla proposta di Legge n. 105 semplificatamene denominata come Legge Boldrini sullo jus Soli e sullo jus Culturae. L'incontro è aperto, libero, e tutti avranno la possibilità di intervenire o fare domande. Concluderà per i saluti finali l'On. Matteo Orfini.",Ius Soli e Ius Culturae,CICCO Gelati,2
https://www.facebook.com/ads/library/?id=455731418550531,"Gli oltre 150 morti affogati al largo della Libia, e gli sbarchi avvenuti nei giorni precedenti, confermano ancora una volta quello che abbiamo sempre sostenuto: ovvero che l'asserita, e inesistente, complicità delle ONG nell'incentivare i tentativi di attraversamento del Canale del Mediterraneo è una cinica bugia di Matteo Salvini e dei suoi sodali, mentre è del tutto lecito pensare che se fossero state presenti in quell'area molte di quelle vite sarebbero state salvate.
Non ci sono più scusanti: chi impedisce alle navi delle ONG, alla nostra Guardia costiera o a dei semplici pescatori mossi da normale umanità di soccorrere le imbarcazioni dei migranti in difficoltà è corresponsabile delle morti che derivano dal mancato soccorso in mare. 
E prima o poi dovrà risponderne.",0,0,1
https://www.facebook.com/ads/library/?id=493470421437150,"Cosa pensi riguardo al fenomeno degli sbarchi a Lampedusa❓

CLICCA QUI ⤵️ e rispondi a 10 domande",LAMPEDUSA >> Sondaggio >>,0,3
https://www.facebook.com/ads/library/?id=2309681762607918,"Zitto zitto, quatto quatto il Ministro dell’Economia va a #Bruxelles e propone di finanziare la #flattax con l’ #aumento dell’ #IVA.
Il nostro pane per il loro nuovo SUV.
Ma continuate a pensare ai #migranti, mi raccomando.

Giovanni Paglia",0,0,2
https://www.facebook.com/ads/library/?id=711013249338081,"Stanotte è molto difficile prendere sonno. Al largo della Sicilia sono morte più di cento persone, morte annegate, morte nel modo più atroce. E un giovane carabiniere, Mario Cerciello Rega, 35 anni, appena sposato, è stato ucciso a coltellate da un turista americano durante un controllo. 
Proprio ieri il Parlamento ha licenziato il secondo decreto sicurezza di Salvini, pieno di demagogia ma inefficace, lo abbiamo visto. La sicurezza non si ottiene con le dirette Facebook, purtroppo. E il clima d’odio non serve a nessuno. Pensate che una parlamentare della destra da stamani mi insulta dicendo che io sono il responsabile politico e morale dell’omicidio. Era convinta che fossero stati due africani ad uccidere il povero brigadiere ed ha pensato di farsi pubblicità attaccandomi per gli sbarchi degli scorsi anni. Questa cinica sciacalla che nessuno può definire “onorevole” ha utilizzato l’omicidio di un servitore dello stato per attaccare l’avversario: in un Paese civile non accadrebbe. E in un Paese civile il Ministro dell’Interno andrebbe in TV per calmare gli animi, non per dire: La pacchia è finita. Dobbiamo tornare umani. Recuperare la civiltà del confronto. Imparare a riconoscersi in battaglie comuni, a cominciare dalla lotta allo scafismo/schiavismo. Dobbiamo farlo per rispettare il sacrificio di Mario e dei tanti uomini in divisa che hanno perso la vita per difendere l’ordine pubblico di questo Paese. Basta propaganda e sciacallaggio, basta. Torniamo umani. O sarà un incubo senza fine per l’Italia e per gli italiani.",0,0,2
https://www.facebook.com/ads/library/?id=701581240255823,"FESTA IN ROSSO – TORRE BOLDONE (BG) 9 – 18 AGOSTO 2019 - Spazio feste di Viale Lombardia

Tutte le sere: SERVIZIO RISTORANTE – PIZZERIA – BAR – LIBRERIA – SPAZIO ASSOCIAZIONI – MERCATINO DEL LIBRO USATO

Tutte le sere presso la festa al banchetto d’ingresso: info e materiali sulle iniziative del Prc/Se e “La Sinistra” – Iscrizioni al Partito della Rifondazione Comunista/Sinistra Europea.

VENERDI 9 AGOSTO

Ore 19.00: apertura della festa

Spazio spettacoli, ore 21.00: SURF– Indie rock

Spazio dibattiti, ore 21.00: “Venezuela, Cuba e Bolivia: l’altra America in cammino”. Intervengono: Anna Camposampiero responsabile Esteri della Federazione milanese di Prc/Se), Vittorio Armanni (esperto di questioni cubane) e Marco Sironi (segreteria provinciale Prc/Se). Inoltre Hanno annunciato la loro partecipazione all’incontro: Carlos Aparicio Vedia (ambasciatore in Italia dello Stato Plurinazionale della Bolivia) e Antolin Ayaviri Gomez (vice Console della Bolivia a Milano).

SABATO 10 AGOSTO

Palco centrale, ore 21.00: LE GIANNISSIME – tributo femminile a Gianna Nannini

Spazio dibattiti, ore 20.00: Presentazione del libro “All’uomo che coltiva il giardino”, a cura di Alessandra Pozzi in collaborazione con Paolo Scanzi (Lubrina 2019). Cinque storie di giovani migranti ospitati dalla cooperativa sociale La Fenice (Albino- bg). Intervengono i protagonisti delle storie raccontate nel libro.

DOMENICA 11 AGOSTO

Palco centrale, ore 21,00: GUIDO BOMBARDIERI TRIO– jazz

Spazio dibattiti, ore 21.00: “Transessualismo e mondo del lavoro”, le difficoltà delle persone transessuali e transgender ad accedere al mondo del lavoro ed episodi di mobbing subite dalle stesse persone una volta iniziato il percorso di transizione. Intervengono: Elena Bernardi e Alessia Maggi. Coordina: Daria Fratus

LUNEDI 12 AGOSTO

Spazio dibattiti, ore 21.00: “Bergamo-Treviglio. Un’altra autostrada, un altro project financing? NO, grazie!” Intervengono tra gli altri: Cristiano Poluzzi, della lista “Dalmine Bene Comune”, e Francesco Macario, della lista “Bergamo in comune”. Sono invitati le associazioni e i comitati territoriali impegnati contro il progetto di nuova autostrada.

MARTEDI 13 AGOSTO

Palco centrale, ore 21.00: ALESSANDRA INGOGLIA e ROMINA ALFIERI – Letture (da “Piuttosto m’affogherei. Storia vertiginosa delle zitelle”, di Valeria Palumbo – Enciclopedia delle Donne 2018)

Spazio dibattiti, ore 21.00: “Decreto(i) Sicurezza e condizioni dei migranti/richiedenti asilo”. Intervengono tra gli altri: prof. Fabrizio Persico (presidente della cooperativa “La Fenice”), Paolo Scanzi (operatore sociale), Bruno Goisis (presidente cooperativa “Ruah”), Stefano Quaglia (per la Kascina Autogestita e C.s.a. PacìPaciana), Fabrizio Baggi (responsabile politiche migratorie segreteria regionale Prc/Se Lombardia e membro della Rete Como Senza frontiere). * Sono invitate le comunità degli immigranti e richiedenti asilo, le associazioni impegnate nell’accoglienza e nella lotta antirazzista.

MERCOLEDI 14 AGOSTO

Palco centrale, ore 21.00: VALERIO BONGIORNO – Letture (testi di Gino e Michele, Philippe Delerm, Stefano Benni, Marina Mander, Piero Colaprico, Luca Doninelli, Achille Campanile)

Spazio dibattiti, ore 21.00: “Dopo le elezioni del 26 maggio. Aprire un varco per La Sinistra contro il liberismo e i populismi reazionari”. Ne parliamo con Rahel Sereke, già candidata de “La Sinistra” nelle scorse elezioni europee, ed Ezio Locatelli, della direzione Nazionale Prc/Se.

GIOVEDI 15 AGOSTO

Ore 12.15: Pranzo di Ferragosto. Menù prezzo fisso a 15 euro. Per prenotare rivolgersi al bar della Festa entro il 14 agosto (anticipo alla prenotazione di 5 euro)

Palco centrale, ore 21,00: Burattini Brembani, “Gioppino e il guardiano del lago” – Spettacolo per bambini

VENERDI 16 AGOSTO

Palco centrale, ore 21.00: MB JAZZ QUARTET– Jazz

Spazio dibattiti, ore 21.00: Presentazione del libro “Prendiamoci la città. Una storia così non dovrebbe finire mai” (Colibrì 2019), sulle occupazioni di case a Milano negli anni ’70. Ne parliamo con i curatori del libro e con attivisti delle associazioni e sindacati impegnati a Bergamo nella lotta per il diritto al casa. A seguire: Videoproiezione del docufilm “La città del capitale” (Collettivo cinema militante – 1976), sempre sulle lotte sociali negli anni ’70 a Milano.

SABATO 17 AGOSTO

Serata dedicata all’Antifascismo

Spazio entrata della festa: ore 18.15: Presentazione del libro “Italia liberata. Storie partigiane”, un progetto di Daniele Biacchessi (Jaka Book 2019). Intervengono l’autore e Tiziano Belotti (presidente Anpi Valli Cavallina e Calepio). A seguire: aperitivo

Palco centrale ore 21.00: FRATELLI SEVERINI (GANG) + INIBITORI SELETTIVI – Combat rock. Durante lo spettacolo interverrà Adelmo Cervi, figlio di Aldo, uno dei sette fratelli Cervi torturati e fucilati dai fascisti nel dicembre del 1943 a Reggio Emilia; è autore del libro “Io che conosco il tuo cuore” (Piemme, 2015)

DOMENICA 18 AGOSTO

Palco centrale, ore 21,00: LOWLANDS CANNONBALLS – Country music

Spazio ristorante, ore 23.00 (circa): estrazione biglietti della sottoscrizione a premi e chiusura della festa

Per info: tel. 3495120487 (Andrea Giudici) – 3495511620 (Maurizio Rovetta)

.www.prcbergamo.it   rifondazionebergamo@yahoo.it

(Fb) Rifondazione Comunista Bergamo e provincia",(09 – 18.08.19) Torre Boldone (bg). FESTA IN ROSSO 2019 | Partito della Rifondazione Comunista – Bergamo,Tutte le sere: SERVIZIO RISTORANTE – PIZZERIA – BAR – LIBRERIA – SPAZIO ASSOCIAZIONI – MERCATINO DEL LIBRO USATO,irrelevant
https://www.facebook.com/ads/library/?id=435048797064053,"PORTI CHIUSI, MA CUORI APERTI !!!

Basta morti nel Mediterraneo e basta business dei migranti!
Legalità prima di tutto!

Alle elezioni europee del 26 maggio,
vota Lega e scrivi:    GAZZINI

#scriviGAZZINI #ChangeEurope #Lega",0,0,4
https://www.facebook.com/ads/library/?id=393604314503355,"Dieci contro due. Prendersela con i più deboli, un branco violento contro chi è indifeso. Per sbeffeggiare, insultare, derubare. E poi aggredire a colpi di grosse pietre giocando a chi le lancia con maggiore forza, tiro al bersaglio contro il volto della loro vittima. È il lato oscuro del lungomare di Napoli, una manciata di metri alle spalle della passeggiata della movida in una domenica sera torrida e affollata di giovani ancora in città ad agosto. Ne fanno le spese due cittadini del Bangladesh, costretti a lavorare per guadagnarsi la vita senza dare fastidio a nessuno anche a mezzanotte. Uno di loro ora è grave, ricoverato nel reparto di Neurochirurgia dell’ospedale Cardarelli, in prognosi riservata e in attesa di almeno due interventi chirurgici che dovranno tentare di ricostruirgli la faccia, ha un trauma cranico causato da una delle sassate.

E ora è caccia al branco, almeno dieci ragazzini che l’amico della vittima — pure ferito nel tentativo di soccorrere il suo connazionale ma in modo più lieve — ha descritto come per lo più minorenni, tra i quindici e i sedici anni. Spariti nel nulla, si spera immortalati dalle numerose telecamere di videosorveglianza ora al vaglio della polizia.

La cronaca. Lungomare di Napoli, già scenario di numerosi episodi violenti. Come la sparatoria tra via Chiatamone e via Partenope per vendetta contro i parcheggiatori abusivi, che provocò il fuggi fuggi generale da ristoranti e bar della zona. O come il caso dell’uomo in scooter con la moglie accoltellato al costato, senza motivo, in piazza Vittoria da due giovani che lo avevano affiancato in sella a un altro motorino.

Nella vicenda avvenuta tra domenica e ieri intorno a mezzanotte ci sarebbe stata anche la premeditazione, le vittime sarebbero infatti state seguite dagli aggressori fino in via Generale Orsini, parallela poco trafficata di via Nazario Sauro. Scena confermata da una testimone, una donna che si è affacciata al balcone di casa attirata dalle urla.

Secondo quanto ricostruito, i due cittadini del Bangladesh, 39 e 42 anni, entrambi con regolare permesso di soggiorno in Italia, avevano da poco imboccato la via alla fine della serata di lavoro. Venditori ambulanti di cover e supporti per cellulari, stavano spingendo i loro pesanti carrelli con la merce verso casa, ai Quartieri Spagnoli, quando sono stati accerchiati dal branco. Gli aggressori hanno afferrato custodie e quant’altro minacciando i due immigrati che subito hanno reagito chiedendo la restituzione della merce oppure il pagamento. Ma nulla, sono stati sommersi da insulti e minacce. Intanto sono spuntate delle grosse pietre. Qualcuno l’ha lanciata contro il ventinovenne, l’ha colpito in pieno volto, ferendolo seriamente. L’uomo ha barcollato, ma intanto sono arrivate altre sassate, ancora al volto e alla testa.

Altri hanno picchiato l’amico della vittima intervenuto per soccorrerla, fino a quando alcune persone hanno sentito il fracasso e si sono affacciate su via Generale Orsini per capire cosa stava succedendo.
A quel punto il branco ha lasciato perdere le sue vittime fuggendo verso piazza Plebiscito.

I due giovani immigrati sono stati soccorsi e portati all’ospedale Cardarelli, dove le condizioni del ragazzo preso a sassate sono parse subito gravi. Trauma cranico, ferite estese e fratture multiple al volto, la necessità di almeno due interventi chirurgici nei prossimi giorni. Così non è stato ancora in grado di ricostruire i fatti. Ne ha parlato con la polizia il suo amico, che però non ha saputo ripetere le frasi dette dal branco né descriverli a causa del buio.
Da Repubblica di oggi",0,0,1
https://www.facebook.com/ads/library/?id=487518608549650,"Fermiamo i decreti sicurezza e sospendiamo gli accordi con la Libia!

FIRMA su https://radicali.it/presidente il nostro appello al Presidente della Repubblica Sergio Mattarella.

Nella giornata mondiale per i diritti dei migranti vogliamo spronare l’esecutivo ad agire, chiedendo al Capo dello Stato di richiamare i punti sollevati sui decreti sicurezza e sulla Libia in occasione del discorso di fine anno e con un messaggio alle Camere.

#MigrantsDay #SignorPresidente #ConSergio",0,0,1
https://www.facebook.com/ads/library/?id=467554840525407,"Cosa significa essere una donna migrante? Al #WeWorldFestival ascolteremo la testimonianza di una donna che ha affrontato una migrazione forzata, tra Camerun e Ventimiglia, per analizzare il fenomeno da una prospettiva di genere. Ferma gratis il tuo posto in sala!",Oltre la linea dell’orizzonte,Le donne come nuovo soggetto delle migrazioni.,2
https://www.facebook.com/ads/library/?id=496032150935010,"In un mondo sempre più popoloso, con le risorse naturali che scarseggiano, il controllo della filiera alimentare è un potente strumento geopolitico. Stefano Liberti ci spiega perché la soia che mangiano i maiali d'allevamento in Cina ha un impatto sul disboscamento dell'Amazzonia e sui migranti che sbarcano in Europa.

Leggi il longread → https://bit.ly/longreadsoia",Il Futuro del Cibo: soia e geopolitica,0,3
https://www.facebook.com/ads/library/?id=662048354260409,"Se non rispetti i confini e le regole di un Paese, se c’è anche solo il remoto sospetto che tu possa aver favorito l’immigrazione clandestina perlomeno non puoi essere “archiviato”. Eppure i giudici in Italia...","I pm vogliono ""graziare"" l'ong: ""Ora archiviate la Open Arms""",La procura di Catania ha chiesto l&#039;archiviazione per il comandate e il capo missione della Proactiva Open Arms indagati per lo sbarco di Pozzallo,4
https://www.facebook.com/ads/library/?id=661303074412574,"QUALCUNO  CI  SALVI
.
Penso di non sbagliarmi se definisco quello di oggi un mondo allo sbando, a qualsiasi latitudine, in qualsiasi continente. Questo “essere umano” è talmente impegnato a distruggere la Terra che già sta pensando di farlo altrove.  Spendiamo fior di quattrini per finanziare la corsa verso lo spazio; la NASA (ma anche l'ente spaziale Europeo,) è seriamente intenzionata a portare avanti i propri progetti miliardari per portare l'uomo su Marte nel 2030 dopo aver naturalmente progettato una serie di missioni “preparatorie” attorno alla Luna.  
Giusto il tempo per permetterci di terminare la distruzione della terra.
Pensate sia sbagliato pensare e pretendere dei governanti migliori più responsabili e capaci?
Sicuramente si andrebbe meglio se ci fosse più concretezza, realismo ed onestà; quella qualità che indica il modo di agire e comunicare in maniera sincera, leale e in base a principi morali ritenuti  universalmente validi, evitando di compiere azioni riprovevoli nei confronti del prossimo. 
Una distribuzione della ricchezza più ampia, in una democrazia che non sia sempre e solo nelle parole. 
Oggi le 300 persone più ricche al mondo possiedono la stessa ricchezza di 3 miliardi di persone  più povere.
Anno dopo anno, abbiamo la dimostrazione che l'essere umano o meglio dire “disumano”, ci sta portando alla distruzione sia morale, fisica e pratica.
Il riscaldamento globale e i conseguenti cambiamenti climatici sono un dato di fatto, l'emergenza non è campata in aria e il tempo che ci resta per cambiare il nostro modo di vedere il progresso non è infinito; basterebbe guardare allo scioglimento dei ghiacci in Antartide, l'innalzamento del livello dei mari, (Venezia insegna) e conseguente acidificazione e inquinamento degli oceani.
.
Ma sappiamo fare molto di più e infatti negli ultimi 60 anni ci sono state nel mondo più di cento guerre civili. Basterebbe guardare a quelle più vicine come la Libia, ma principalmente alla guerra di Siria che dura da dieci anni e dopo aver fatto migliaia di morti sta portando verso i confini dell'Europa e quindi casa nostra, milioni di persone che ci chiedono aiuto e che vorrebbero solo vivere in pace.
A livello globale, con una popolazione mondiale di 7miliardi e 700 milioni di persone, significa che 1 persona su 113 è oggi un richiedente asilo, sfollato o rifugiato, un livello di rischio senza precedenti. 
Noi pensiamo a costruire muri, mentre la povertà e fame continuano ad essere le piaghe del mondo, infatti ancora oggi una persona su nove soffre la fame; 821 milioni di bambini, donne e uomini; sei milioni in più rispetto al 2016. 
1.400 bambini muoiono ogni giorno per la diarrea, dovuta all’acqua contaminata e a scarsa igiene. 
E' stato calcolato che ci vorrebbero 265 miliardi di dollari per non dover più parlare di fame o di povertà nel mondo, e di conseguenza la fine di un esodo di immigrati verso i paesi più progrediti e benestanti; e questo sarebbe facilmente fattibile se pensiamo che solo gli Stati Uniti hanno speso negli ultimi anni ben 6mila miliardi per armi e armamenti simili.
Ma tranquilli, noi non siamo di meno, infatti l'Italia spende ogni anno per acquistare armamenti ed esercito quasi 30 miliardi, qualcosa come 80 milioni al giorno e il precedente governo gialloverde voleva portare questa cifra al 2% del PIL, quasi 40 miliardi all'anno, più di 100 milioni al giorno, una cifra insostenibile.
Inorridisco di fronte a questi dati, pensare che in questo tragico momento che il nostro paese vive a causa del “corona virus”, possiamo solo stanziare, ed oltretutto in deficit, la cifra di 7,5 miliardi a sostegno di una intera collettività per questa emergenza sanitaria ed economica senza eguali.
Non so cosa ci sia dietro questo “corona virus”, e naturalmente non quello che ci viene sbandierato, so solo che pagheremo gravi conseguenze sociali ed economiche.
La politica , quel coacervo di personagetti, che quasi nelle totalità, sono intenti a migliorare il proprio orticello, o quello di qualche potente referente, il più delle volte, vanta una dote di incanto su certo “popolino”, trovando consenso; ma che sempre più distrugge, annienta e peggiora la condizione del proprio paese offrendo politiche inefficaci, inopportune, insensate; buone solo a portare discredito, irrazionalità, priva di ragione e concretezza.
Non hanno capito, che la ricchezza inizia a nascere quando entrano delle ruote che girano; prima nei campi, poi nelle officine, nelle fabbriche, e in tutti i luoghi di lavoro e studio della società; più questo viene impoverito e messo in difficoltà, più la ricchezza cala.  Questa è la macchina della ricchezza; la politica la distribuisce e basta, non ne ha mai prodotta in tutta la storia dell'umanità. Alla maggior parte delle persone questo aspetto propulsore della società sfugge.
Senza una rivoluzione copernicana che porti la società civile a sconfiggere tutti i mali dei nostri giorni, ( disuguaglianze, razzismo,corruzione, mafie, mala politica, burocrazia) che sono cause di questa nostra grande povertà sociale, morale ed economica, non riusciremo a salvare questo nostro grande mondo.

Giovanni Corbanese    -               - Venezia 8 marzo 2020
statocivile.libero@gmail.com   -",0,0,1
https://www.facebook.com/ads/library/?id=2364215950486435,"ALLE EUROPEE VOTA LEGA E SCRIVI SARDONE

Sono candidata nella lista della Lega per le prossime europee del 26 maggio nella circoscrizione Nord Ovest (Lombardia, Liguria, Piemonte, Valle D’Aosta) e ringrazio il segretario Matteo Salvini per aver creduto in me dandomi questa grande opportunità
Con grinta e passione vorrei battermi al Parlamento europeo per cambiare profondamente l'Unione Europea, sconfiggendo una sinistra sempre più anti-italiana e sempre più zerbino dei poteri forti e di leader di altre nazioni.
Ci metto la faccia, con il solito impegno, e mi impegnerò per far rialzare la testa all'Italia, sostenendo il buonsenso della Lega in Europa.
Bisogna dire con forza stop a barconi, buonisti, burocrati e banchieri. 
Voglio contrastare chi sostiene il business dell'accoglienza e vuole l'Italia campo profughi d'Italia, voglio tutelare il Made in Italy, voglio oppormi alle politiche d'austerità che frenano il nostro Paese, voglio difendere i nostri valori, le nostre tradizioni, la nostra identità.
A voi amici chiedo sostegno e vicinanza in questa sfida, conto sul vostro affetto e sulla fiducia che mi avete sempre dimostrato in questi anni.

Il 26 MAGGIO alle #EUROPEE #votaLEGA e #scriviSARDONE",0,0,5
https://www.facebook.com/ads/library/?id=999929390374947,"Il 2020 inizia.
Il 2020 inizia con il mondo che brucia, dall’Amazzonia all’Australia.
Il mondo non ha più polmoni, non ha più un clima stabile, non ha più risorse e non ha più acqua.

Il 2020 inizia con bandiere che bruciano, quelle americane, in Iran e Iraq, perché un solo uomo ubriaco di potere e di tinta arancione che si crede il dittatore del mondo, ha deciso di uccidere altri uomini ubriachi di potere, solo perché ha bisogno di far dimenticare al suo popolo che lui è sotto processo per abuso di potere.

Il 2020 inizia con la crisi libica e l’invio di truppe da parte di un altro dittatore, questa volta il turco Erdogan, a fare i suoi interessi. Sicuramente non farà gli interessi libici.

Il 2020 in Italia? C’è un pagliaccio che vorrebbe fare il dittatore e che tra una foto di tortellini e una di  paccheri e un’altra di sua figlia usata come strumento (poi parliamo di Bibbiano e di bambini traumatizzati), ci espone al pericolo inneggiando all’uomo biondo ossigenato/ arancione e applaudendolo per aver mandato dei missili a far esplodere della gente.

Difatti Trump e Salvini hanno qualcosa in comune.
Trump e Salvini, i semi dittatori pagliacci, hanno in comune l’odio.

Odio per i magistrati che fanno il loro dovere.
Odio perfino per il Papa, che prendono in giro.
Odio per i migranti, che per loro sono solo trafficanti di droga.
Odio per le donne, che non rispettano.
Odio per i musulmani, che per loro sono tutti terroristi e vanno bombardati e espulsi.

E così ci distraggono dalle promesse che non mantengono, ci distraggono dai loro processi e continuano a fare notizia e ad avere consensi.

Il 2020 inizia razzista, inizia omofobo, inizia nelle fiamme e nella guerra e inizia populista - neofascista.

Il 2020 inizia e già vorremmo dimenticarlo.

Forse.

Ma non arrendiamoci. 
È scontato, ma davvero, vogliamo pensare che tutto questo non possa cambiare in meglio? 
Siamo vicini all’apocalisse climatica e nucleare? 
Non è vero, l’uomo non è così stupido.
Il futuro è qui, in ogni nostra piccola
mossa, dentro ogni nostra piccola promessa che manteniamo con noi stessi e con gli altri, dentro ogni sano valore che seguiamo.
Possiamo ancora migliorare.
Sicuramente possiamo cominciare a essere migliori di questi due qui, noi italiani veri.
Buona epifania amico e amiche.",0,0,2
https://www.facebook.com/ads/library/?id=756901814760855,"Il Governo ha assegnato un porto sicuro alla #OceanViking. I migranti verrano prima accolti e subito dopo ricollocati in diversi PaesI europei. Così fa un Governo serio. Non specula sui disperati ma risolve i problemi coinvolgendo l’Europa. 
Il vento è finalmente cambiato. 
Complimenti al Ministro Lamorgese.",0,0,4
https://www.facebook.com/ads/library/?id=356771621901753,"Oltre 1100 realtà fanno parte dell'agricoltura sociale. Tutelate per legge da pochi anni, risorsa per donne, disabili, migranti. Che in campagna ritrovano il proprio futuro.","Agricoltura sociale: oltre 1100 realtà che donano un futuro a donne, migranti, disabili","Oltre 1100 realtà fanno parte dell'agricoltura sociale. Tutelate per legge da pochi anni, risorsa per donne, disabili, migranti. Che in campagna ritrovano il proprio futuro",2
https://www.facebook.com/ads/library/?id=3613013105390353,"L'immigrazionismo del governo Conte bis è molto simile all'immigrazionismo del governo Gentiloni e all'immigrazionismo del falso papa Bergoglio. I servi dei signori del Pensiero Unico e del mondialismo, ovvero i fautori degli USE e del ƝƜƠ lavorano per lo stesso scopo: la distruzione dell'Italia e dell'identità cristiana. Questo spezzone lo dimostra abbastanza chiaramente; il ƝƜƠ ha tanti esecutori ma pochi mandanti.
La falsa Chiesa ha tanti esecutori ma pochi mandanti.
https://telegra.ph/La-falsa-Chiesa-12-20

Conte: ""Lo vediamo tutti che abbiamo bisogno anche dei migranti.""
Gentiloni: ""Noi abbiamo bisogno di migranti nel nostro Paese, è inutile che facciamo finta che non sia così.""",Conte e Gentiloni,0,5
https://www.facebook.com/ads/library/?id=446074402625919,"clandestini spacciatori
che si insidiano nelle nostre strutture socio sanitarie ed oltre non pagare niente vogliono anche fare i capetti",0,0,5
https://www.facebook.com/ads/library/?id=436350956924779,"PERCEZIONI DIVERGENTI  

Durante il comizio di sabato scorso il sindaco Muzzarelli si é scagliato contro  quelli che secondo lui sarebbero i veri pericoli  che incombono su  Modena,quelli rappresentati da (chi lo avrebbe mai detto) fascisti ,razzisti etc etc etc:il suo severo monito é salito da Piazza Matteotti verso la  Lega che dovrebbe recidere i ""legami con queste minacce "".
La domanda é :ma il Sindaco ha vissuto in questi anni la stessa realtà che hanno avuto sotto gli occhi i cittadini modenesi?
Verrebbe quasi da dubitarne,  quando scorriamo alcune delle immagini che hanno tristemente accompagnato la legislatura che si sta per chiudere ,ecco solo qualche citazione di fatti accaduti:

vandalismi ripetuti contro Monumenti ed  edifici del centro storico  ,con la firma chiara di sinistri teppisti

Incendio doloso  del Circolo La Terra dei Padri,fatto oggetto di altre minacce ed intimidazioni.

incendio delle auto di un dirigente  di Forza Nuova

odiosi e ripetuti  vandalismi contro il cartello di Via Ramelli che ricorda il militante  del Fronte della Gioventu' ,massacrato a Milano  da un commando di Avanguardia Operaia nel 1975.

Violenti scontri in occasioni di varie manifestazioni di centri sociali ed estrema sinistra,culminati il 15 12 2017 in scene di  guerriglia urbana e cariche delle Forze dell'Ordine per contenere i ""bravi antifascisti"" che volevano marciare contro un presidio,  regolarmente autorizzato,  contro lo Ius Soli .
Muzzarelli pure allora si era scagliato in maniera preventiva  contro l'iniziativa sullo Ius Soli che ,guarda caso, si svolse in maniera regolare 

Per non parlare delle zone dello spaccio a cielo aperto e del degrado di interi quartieri,meglio concludere qui questo elenco,per non deprimersi troppo.

Forse ,come ha spesso dichiarato il nostro Sindaco ,si tratta di percezioni diverse ,le foto pero' parlano da sole!

#PrampoliniSindaco   #Modenasicambia",0,0,4
https://www.facebook.com/ads/library/?id=492604321448517,"Aree popolate, campi profughi, scuole e ospedali vengono continuamente colpiti da raid aerei e bombardamenti via terra. In Yemen, dove le bombe continuano a esplodere, la popolazione ha bisogno di acqua pulita, cibo e servizi igienico sanitari. 
FIRMA ORA per una maggiore protezione dei civili. #SosYemen",SOS Yemen - Firma la petizione!,,irrelevant
https://www.facebook.com/ads/library/?id=461008937966276,"COME I NOBEL BASTONANO SALVINI
I SUOI DECRETI “CARICATURE RAZZISTE”
E VARGAS LLOSA ELOGIA LA CAPITANA 
Di #IppolitoMauri
Segui 👆Per fortuna sono bianco

Bisogna dire che di strada ne ha fatta il Salvini ciondolone  di qualche anno fa. Le sue imprese intrigano i premi Nobel della Letteratura, non importa se il giudizio é negativo. Da Fanfani a Berlusconi finora nessun ministro con un piede a palazzo Chigi aveva coinvolto le cattedre della cultura alle quali Mario Vargas Llosa dà voce con un disprezzo inatteso nel narratore  che affascina milioni di lettori in ogni libreria del mondo. Inatteso perché la parabola politica  dello scrittore un po’ ricorda l’arrampicata disinvolta del Salvini “ghe pensi mi“. Dalla corte di Fidel Castro alla conquista dell’America reganiana con la determinazione di prendere a pugni l’incolpevole Garcia a Marquez. Si è anche candidato alla presidenza del suo Perù, bandiera dei liberal conservatori. Non ce l’ha fatta e per fortuna continua a scrivere.  Osserva mondi vicini-lontani attraverso i filtri – sensibilità e cultura -  riconosciuti dal premio più importante del mondo. Si infastidisce con l’italico protagonista del sovranismo acrobaticamente gemellato al partito Russia Unita di Putin. Non importa il tradimento ai suoi comunisti padani, ma quell’imporre l’arroganza capataz a chi scappa da fame e guerre organizzate  dagli intrighi economici di noi popoli civili, insomma, il premio Nobel non lo sopporta. E spiega perché in un articolo apparso su ogni importante quotidiano del mondo. 
“Quando le leggi, come quelle che invoca Matteo Salvini, sono irrazionali e disumane è dovere morale metterle da parte, come ha fatto Carole Rocket. Del resto cosa si poteva fare e cosa no. Lasciare morire i poveri migranti ripescati dal mare dopo 17 giorni alla deriva, condizioni fisiche precarie, alcuni sfiorati dalla morte? La ragazza tedesca ha disubbidito a una legge stupida e crudele, formalmente  ispirata dalle migliori tradizioni dell’Occidente democratico e liberale alle antipodi di ciò che la Lega e il suo leader Salvini rappresentano: non è un “no“ al rispetto della legalità, ma un “no“ alla caricatura di una legge razzista. Sono precisamente i suoi sostenitori (numerosi in Italia e in Europa) che incarnano il selvaggismo e le barbarie delle quali accusano i migranti“.
Immagino che Salvini sarà onorato dell’alta attenzione, ma qualcosa comincia a tremargli in petto. Negherà fino all’ultimo respiro, parolacce alla ragazza dalle scelte di normale civiltà. Aspettiamo. E’ solo l’inizio. Aspettiamo il finale

Ippolito Mauri, giornalista free lance",0,0,1
https://www.facebook.com/ads/library/?id=553059402174231,"L'XIª Edizione del Corso per Operatore Specializzato nell'Accoglienza per richiedenti e beneficiari di protezione internazionale, permette di apprendere nuove modalità di lavoro e strumenti utili da poter mettere subito in campo. 
http://bit.ly/Corso_Operatore_XI

Il lavoro dell'operatore dell’accoglienza si basa su:
✅ Relazione d'aiuto
✅ Motivazione
✅ Corretta gestione della comunità
✅ Competenze specifiche
✅ Alleanza operativa
Elementi fondamentali che devono convivere e per quanto possibile essere condivisi all'interno del Team di professionisti in un Progetto di Accoglienza di qualità.

Vi aspettiamo a Roma il 19 Novembre.
💨𝗖𝗶 𝘀𝗼𝗻𝗼 𝗮𝗻𝗰𝗼𝗿𝗮 𝟵 𝗽𝗼𝘀𝘁𝗶 𝗱𝗶𝘀𝗽𝗼𝗻𝗶𝗯𝗶𝗹𝗶.",Ultimi 9 Posti,0,irrelevant
https://www.facebook.com/ads/library/?id=2333657013621332,"Il tema della gestione dei migranti infiamma il dibattito politico: tra accuse incrociate e logiche di emergenza è difficile capire cosa effettivamente prevedono le norme e perché. Quali sono i pilastri della politica di immigrazione dell'Unione europea? Ci spiega tutto Matteo Villa, analista del Programma Migrazioni di ISPI, nella prima videolezione su migrazioni e UE.

Vedi le altre videolezioni su diritto d'asilo, convenzione di Dublino e codice Schengen → https://europa2019.ispionline.it/europa2019/video",Videolezioni | Politiche di immigrazione in UE,0,3
https://www.facebook.com/ads/library/?id=343055232955338,"Fico dedica il 2 giugno a rom e migranti, io preferisco dedicare la festa della Repubblica a tutti gli italiani e in special modo a quelli che hanno l’onore di indossare una divisa, difendendo ogni giorno i principi democratici e di legalità.
A loro va il mio personale ringraziamento.",Filippo Maturi (@filippomaturi) • Instagram photos and videos,"7,200 Followers, 342 Following, 167 Posts - See Instagram photos and videos from Filippo Maturi (@filippomaturi)",4
https://www.facebook.com/ads/library/?id=113475300078936,"Appare evidente che il Governo Conte ormai abbia individuato Taranto come il “porto sicuro” dove far sbarcare i migranti a bordo delle Ong.
Ma questa volta sono davvero tanti: 407 a bordo della Ocean Viking.
Tenuto conto che solo 10 giorni fa sono sbarcati 119 migranti e che l’hotspot ha una capienza massima di 400 posti cosa succederà?",0,0,4
https://www.facebook.com/ads/library/?id=2492545750783199,"COME TI DEMONIZZO SALVINI, MELONI & C.
Il successo della manifestazione di piazza San Giovanni brucia alla sinistra e i suoi media tentano ogni possibile demonizzazione: dai saluti romani ai manganelli della polizia, dai muri per gli immigrati al vittimismo Lgbt","Come ti demonizzo Salvini, Meloni & C. - EdicolaWebTV","Dai saluti romani ai manganelli della polizia, dai muri per gli immigrati al vittimismo Lgbt. Tutti i tentativi di demonizzare la piazza di S.Giovanni",4
https://www.facebook.com/ads/library/?id=566696874178901,"""Non possiamo tollerare che si ceda il passo a sovranismi e populismi...ogni forma di esclusione sociale e dalla partecipazione attiva, ogni discriminazione di uomini e donne, italiani o immigrati, persone e famiglie, indebolisce il cammino e lo sviluppo regionale"". 

Un messaggio molto forte dalla Chiesa dell'Emilia-Romagna. Alla base del mio impegno c'è la volontà di arginare i messaggi sessisti e razzisti, incomprensibili per chi, come me porta nel suo agire l’accoglienza e l’inclusione.

#LaForzaDellePersone","Regionali, interviene la Chiesa: ""Scelta europeista, No a sovranismi e populismi in Emilia-Romagna""","I vescovi della regione si schierano con un documento ufficiale: i politici difendano la Costituzione, basta offese e falsità",1
https://www.facebook.com/ads/library/?id=706585309760766,"+++ INCREDIBILE IPOTESI NUOVO CENTRO PROFUGHI A CECINA +++

Dopo ripetute segnalazioni di cittadini ho effettuato un sopralluogo e le risultanze rafforzano l'ipotesi di un nuovo insediamento di numerosi extracomunitari a Cecina presso l'Hotel Manuel.

Si tratterebbe di una collocazione effettuata in fretta e furia sul territorio di un Comune il cui Sindaco è noto per non avere la volontà di dire che Cecina ha già dato.

Chiediamo una risposta entro domani al Sindaco Samuele Lippi: se tutto  venisse confermato sarebbe gravissimo aver nascosto questo fatto ai cittadini, al Consiglio Comunale, alla stampa.

La LEGA è pronta a dare battaglia contro eventuali insabbiamenti: i cittadini devono sapere la verità.",+++ INCREDIBILE IPOTESI NUOVO CENTRO PROFUGHI A CECINA +++,0,4
https://www.facebook.com/ads/library/?id=183939226178613,"Alcune mie considerazioni sul Memorandum ITALIA-LIBIA
👉🏾 Le condizioni dei centri Libici sono conosciute in tutto il mondo e l'Italia deve affermare con forza di non volersi più rendere complice di torture, tratta di esseri umani e morte, sostenendo coloro che le praticano.
👉🏾 Le organizzazioni internazionali e le ONG presenti ci ricordano costantemente che la dignità e i diritti umani in Libia non vengono rispettati
👉🏾 Il rispetto dei diritti umani dev’essere la cornice entro cui si costruisce il nuovo memorandum","Memorandum Italia-Libia, ultima chiamata","I tre anni del Memorandum sono scaduti ieri, cosa intende fare il Governo italiano? Si cominci dal rivedere il Comitato Misto che non può essere costituito solo dai rappresentanti dei due Paesi, deve essere allargato alle organizzazioni ONU che si occupano dei rifugiati e dei migranti",1
https://www.facebook.com/ads/library/?id=512104906053763,"Eccoci con Legambiente Onlus e Gruppo Arena Decò nelle spiagge di Via Garitta ad Acireale (CT) e Marina di Priolo a Augusta/Priolo (SR).
Ringraziamo il Circolo di Legambiente Acireale, Fridays For Future Acireale, Comune di Acireale, il Circolo l'anatroccolo di Legambiente Priolo/Floridia,  il Circolo culturale Tommaso Gargallo, l'Azione Cattolica della parrocchia Angelo Custode, la Comunità di Accoglienza extracomunitari di Priolo e tutti i volontari.

#ripuliamolespiagge",0,0,1
https://www.facebook.com/ads/library/?id=404049996971334,"Ventinove giorni di #prognosi per un dito della mano sinistra fratturato e una ferita sulla fronte al capo pattuglia, otto giorni di prognosi per una distorsione  al polso del braccio sinistro dell'autista. L'assurdo epilogo di un controllo di routine effettuato a Milano da due colleghi di pattuglia del Commissariato #Garibaldi #Venezia. 
A luglio un'auto ha speronato una volante dell' #Ufficio #Prevenzione #Generale durante un inseguimento per le vie di Milano, ferendo un poliziotto. Ad agosto diversi immigrati in rivolta nel centro accoglienza per richiedenti asilo di via Aquila, nella periferia Est di Milano, hanno messo sotto assedio una #volante della Polizia appartenente al Commissariato #Lambrate e due agenti si sono ritrovati con un braccio rotto.
A dicembre del 2018, sempre a Milano, ad un  poliziotto che procedeva ad un controllo di una persona sospetta, è stato staccato un pezzo di dito a morsi.
In media 7 volte al giorno, ogni 3 ore e mezza, un tutore dell'ordine subisce un'aggressione.
In tempo di pace esiste una trincea perpetua per chi indossa una #divisa e questi numeri ne danno la plastica rappresentazione. 
I #Poliziotti chiedono garanzie funzionali, protocolli operativi, strumenti di dissuasione che non li costringa al contatto e a vestire i panni di lottatori ogni volta che una persona si mostri minacciosa.
Si chiede al mondo politico una considerazione dai contorni meno astratti, un'azione incisiva volta a porre il fattore sicurezza quale precondizione imprescindibile per lo sviluppo  del sistema paese.
I Poliziotti, di essere considerati dei pungiball sociali, non ne possono più.

                          Segretario Generale Provinciale
                                          Paolo Magrone",0,0,5
https://www.facebook.com/ads/library/?id=528512434638197,"Questi giorni tragici per Venezia ed il misero teatrino politico dello scarico di responsabilità (anche di quelle politiche), mi hanno fatto riflettere. 

Ieri, in un programma televisivo, sono stato attaccato da un esponente della Lega perché non avrei l’accento veneto. Anche questo mi ha fatto riflettere. 

Poi ho ripensato alla faccenda della bandiera della Regione, bandita dallo stadio in forza di un regolamento che vieta vessilli diversi da quelli delle squadre in campo (regolamento presente in molti stadi di calcio per evitare l’esibizione di simboli razzisti o offensivi). Una faccenda in cui ha trovato buon gioco la retorica nazionalista di certa politica regionale. 

E credo che stia tutto lì. Per anni si è lasciato che la bandiera della Regione, istituita con legge del 1975, venisse issata ed esibita solo da certa politica. 

Certa politica che ha finito per appropriarsi nei fatti di un vessillo di tutti (l’angelo con le sembianze di leone che annunciò a San Marco che avrebbe trovato pace e riposo in quella che sarebbe diventata Venezia). 

Se ne è appropriata perché glielo si è lasciato fare. Per questo a certi comizi diventa naturale vedere una bandiera della Regione trasformata in vessillo partigiano.

Così, però, si perde in partenza perché si rimane vittime del cortocircuito: se esibisci la bandiera sei di una certa fazione politica, se invece non la esibisci non sei ritenuto degno di essere veneto. 

Pertanto:

- chi si indigna per l’infimo teatrino politico del “Io non c’ero, io non so nulla, per me il Mose funzionava”, 

- chi si indigna per lo scaricabarile anche delle responsabilità politiche, 

- chi si indigna perché l’altra sera il Governatore, mentre Venezia era sott’acqua, è andato a Bologna a fare campagna elettorale proponendo agli emiliani (la cui Regione sta sopra la nostra) di adottare il modello Veneto, 

- chi non vuole un Veneto che abbia paura dei vaccini,

- chi non vuole un Veneto che si proclama minoranza nazionale,

- chi non vuole un Veneto da cui i giovani scappano,

- chi non vuole un Veneto che retrocede sulle conquiste in materia di diritti civili,

- chi non vuole un Veneto che plaude al presidente brasiliano Bolsonaro, 

- chi vuole un Veneto in Europa e non alla corte di Putin,

- chi pensa che autonomia sia anzitutto una questione di efficienza, responsabilità e rendiconto prima che di schei, 

- chi ha capito che la faccenda dei 9/10 era una manovra elettorale,

- chi si è stufato di un Veneto sempre aizzato contro il resto d’Italia e vuole, invece, un Veneto che trascini,

- chi ha capito che non parlare di integrazione degli immigrati significa mettere la testa sotto la sabbia,

- chi vuole una Regione aperta e non chiusa,

- chi non vuole un Veneto neonazionalista,

in una parola, chi vuole resistere, deve issare quella bandiera. 

Deve esibirla con orgoglio, per quello che rappresenta, per il messaggio di pace, unità e fratellanza che si porta dietro e che è scritto anche nei primi articoli dello Statuto regionale.

Non potete issarla rossa, però, perché di quella rossa, nell’immaginario collettivo e nel mercato elettorale, se ne è già appropriato qualcun altro. 

Issatela blu, che è meno abusata. La tradizione vuole che la versione blu sia quella originaria. Il blu è il colore del mare e dell’Europa. Se volete resistere dovete distinguervi. 

Issatela blu. Solo blu.

Chiamatelo pure l’appello della bandiera blu.",0,0,2
https://www.facebook.com/ads/library/?id=323581515002947,"Ma trovate normale il postare sui social video dove persone di colore sono responsabili di gravi fatti di cronaca, per aizzare gli animi e diffondere sempre più la diffidenza verso gli immigrati?",0,0,2
https://www.facebook.com/ads/library/?id=194991511609217,"Il mio intervento di oggi in Senato sul bilancio europeo: Brexit, dazi, Turchia, Cina/Usa richiedono un nuovo accordo a Bruxelles. E l’Italia non dia soldi a chi come l’Ungheria non accoglie migranti.",0,0,3
https://www.facebook.com/ads/library/?id=638362843242366,"Roma, venditore, abusivo, e si permette pure di minacciare i vigili urbani... 
Ci sono i salotti tivù e gli editoriali degli analisti, poi c'è la vita reale.  
Buona giornata Amici, io non mollo.","VIDEO-CHOC: ""SE NON AVESSI LA DIVISA..."": IMMIGRATO MINACCIA VIGILE",0,5
https://www.facebook.com/ads/library/?id=2401441589932836,"La Lega a Ostuni, farebbe già ridere così. Ma qui siamo di fronte alla disumanità vera.
Foto, risate e canzoni ironiche anche quando una persona che ha avuto un malore viene portata via in ambulanza. Solo perché immigrato. Ma stiamo scherzando? Ma che gente è questa? 
Si vergognino!","Ostuni, coordinatrice della Lega in posa su Instagram deride un immigrato svenuto","La consigliera comunale Margherita Penta si lascia ritrarre così da un amico avvocato che sceglie come sottofondo la canzone ""Se mi lasci non",1
https://www.facebook.com/ads/library/?id=2390709301185758,"""Vorrei dedicare questo premio a tutte le persone splendide che sono in mare a salvare altri esseri umani"". Con queste parole Luca Marinelli ritira la Coppa Volpi al Festival di Venezia. 
#lucamarinelli #martineden #festivaldelcinemadivenezia #venezia #joker #joaquinphoenix #cinema #cinemalovers #cinemaitaliano #attori #polemica #politica #migranti #rifugiati #festivaldelcinema #alessandramastronardi #alessandroborghi #videodromenews",0,0,2
https://www.facebook.com/ads/library/?id=454441368774255,"Il libro di Valeria Luiselli è bello. Bello in un modo non convenzionale, atipico e innovativo. Sebbene, infatti, il romanzo si strutturi sul classico on the road, l'autrice ne scardina la patina antica e ne fa un coro di voci, rumori, sogni, stili narrativi alternati e immagini fotografiche. Un padre e una madre, compagni in via di separazione, documentaristi che lavorano registrando tracce sonore del mondo, si dirigono con i loro figli verso la frontiera con il Messico, uno per riportare al presente il vento storico che avvolgeva le avventure e la tragedia degli ultimi apache chiricahua, l'altra per raccogliere testimonianze sulla condizione disperata dei bambini che tentano il passaggio oltre il muro. Il tempo del racconto è cullato dal viaggio in macchina, un luogo ristretto dove si scontrano i pensieri e le parole tra genitori e bambini, un dialogo quasi alla pari, di rispetto reciproco, dove all'immaginazione dell'infanzia si affianca la durezza della realtà. Il romanzo di Luiselli parla di migrazione, del perdersi e del ritrovarsi, parla dei confini intesi come limiti fittizi creati e usati dall'uomo per giustificare un ordine sociale imbastardito dalla cecità razzista; è un racconto sul significato delle parole, sul senso del nominare cose, persone e relazioni. E spesso la parola diventa atto di violenza, un eufemismo che degrada la verità e la trasforma in qualcosa di più appetibile, più facile, più comunicabile. Questo succede per i bambini chiusi nei centri di detenzione o trovati morti nel deserto, massa di umanità generalizzata, pensata come ingestibile, spersonalizzata al punto da diventare meri numeri. Bambini che hanno un ruolo determinante in questo archivio di vita, un archivio che ci urla addosso una denuncia con la poesia di una prosa meravigliosa. Magistrale. #bookstagram #libridaleggere #librichepassione #ticonsigliounlibro #atticuslegge #leggeresempre #leggerefabene #continuiamoaleggere #booklover",0,0,2
https://www.facebook.com/ads/library/?id=578942329325545,"Lega: Calligaris, legge Questura Trieste risponde a vera urgenza

""Si tratta di una scelta tecnica che consente di reperire le risorse necessarie per sostenere velocemente i costi per l'esecuzione di un'opera non più rinviabile"".

Lo sottolinea in una nota il consigliere regionale della Lega, Antonio Calligaris, ribadendo quanto affermato nel corso del dibattito sul disegno di legge 78 per la realizzazione di nuovi locali della Questura di Trieste che saranno destinati all'Ufficio immigrazione.

""La Regione, svolgendo le funzioni tecniche come stazione appaltante, metterà a disposizione 1,5 milioni di euro derivanti da economie di spesa. Il flusso di migranti proveniente dalla cosiddetta rotta balcanica - evidenzia l'esponente leghista - si è spostato nel capoluogo giuliano, creando l'urgenza di ultimare questa struttura. C'è la necessità di garantire alle Forze dell'Ordine di operare in condizioni di sicurezza. Ci sono i fondi, c'è lo strumento legislativo, bisogna cominciare - conclude Calligaris - a risolvere il problema"". ACON/COM/fc",0,0,4
https://www.facebook.com/ads/library/?id=2385522558434981,"#MatteoSalvini: Al lavoro al Ministero da stamane per evitare lo sbarco di oltre 500 immigrati a bordo delle navi di due Ong, una francese e una spagnola.
Per 350 di essi la Libia ha dato la disponibilità di un porto di sbarco, mentre per gli altri (quelli visitati dal milionario Richard Gere) l’indicazione che ho dato è il divieto di ingresso nelle nostre acque e l’invito a navigare in direzione Spagna.
Vi faccio sapere come va a finire, io non mollo!
P.s. Spero che per salvare la poltrona i 5 Stelle non facciano un governo con Renzi perché torneremmo ai 500mila sbarchi che il Pd “regalò” agli Italiani negli anni passati.",0,0,5
https://www.facebook.com/ads/library/?id=428185537899674,"Incontro #Migranti3 con al centro il dramma Siriano.
Ne parliamo con Sheik Abdo attivista e profugo siriano.
La Siria è tornata purtroppo all'attualità ma la situazione è più complicata e la storia merita di essere approfondita. Con Sheik Abdo ripercorriamo i passaggi e cerchiamo di capire quali prospettive ci sono in una zona delle più ""calde"" al mondo.",Il dramma Siriano,"Piazzetta Pieve, 8, 12038 Savigliano CN, Italia",2
https://www.facebook.com/ads/library/?id=2439287716284948,"Esiste ancora una destra che non vuole arrendersi a Salvini? Laica, realista, autorevole ma non autoritaria, capace di dare risposte alle sfide della modernità? All’alter ego capace di ogni nefandezza che vediamo oggi e che esprime l’istinto spaventato e arrabbiato, il subconscio bestiale, si oppone una destra sana che deve reagire per riprendersi il suo posto nella storia, e non finire uccisa dalla sua stessa ombra. Rossi propone un viaggio alla ricerca di una possibile via, che accetta la sfida del nuovo, il cambiamento come stile di vita. Un potente appello a tutti coloro che si sentono viandanti culturali, migranti politici, e che rifiutano la retorica delle radici e la tirannia degli album di famiglia.","Dalla parte di Jekyll, manifesto per una buona destra",Dalla parte di Jekyll,irrelevant
https://www.facebook.com/ads/library/?id=1820808954720691,#Eurasia Continuano le pressioni turche sulla Grecia per ottenere finanziamenti e aiuto nella sua guerra in Siria. Erdodan ricatta l'Ue. L'opinione di Paulo Rangel ex europarlamentare e ora editorialista per il quotidiano portoghese Publico,La Siria e i profughi: una tragedia non capita mai sola,"Erdoğan ricorre a un inaccettabile ricatto, la Grecia è in affanno sotto il peso delle responsabilità, mentre la condizione dei profughi e dei migranti è terrificante. Intanto l’Unione Europea è assolutamente incapace di trovare una soluzione ai problemi, ma si limita alle buone intenzioni....",irrelevant
https://www.facebook.com/ads/library/?id=2241266172805552,"#Europee2019 
Contro le disuguaglianze, l’odio verso le donne e i migranti, le elite e il mito della scarsità. Per un’Europa libera, unita e democratica. 
Il 26 maggio barra il simbolo de La Sinistra e scrivi Andrea Ventura - Scheda Arancione 🔶
Per saperne di più guarda il video 🎥",Andrea Ventura: Perché mi candido per la Sinistra,0,1
https://www.facebook.com/ads/library/?id=1621352304679683,"Per anni la questione migratoria è stata al top dell’agenda europea e delle preoccupazioni dei cittadini. Dove sono finiti, oggi, i migranti? 

Ne parliamo nella prima puntata del podcast ISPI Express: le migrazioni ai tempi del coronavirus. Ascolta l'integrale qui → https://bit.ly/33AVEpy

Con Paolo Magri, Valentina Furlanetto, Matteo Villa. Conduce Francesco Rocchetti.",ISPI Express - Migrazioni ai tempi del coronavirus,0,3
https://www.facebook.com/ads/library/?id=385111532211584,"Una bambina di 5 anni (5 anni!) è morta annegata questa mattina al largo della Libia e altre 90 persone sono in balia del mare.
Un migrante è morto il 23 maggio scorso, nell'indifferenza di una nave della marina italiana a 30 miglia di distanza.
L'estate non è ancora cominciata. Le morti nel Mediterraneo non hanno mai smesso. 
Un giorno ognuno di noi sarà chiamato a rispondere di tutto questo. Chi siamo stati, dov'eravamo, cos'abbiamo fatto, detto, pensato. Ma sarà sempre troppo tardi.
(Video Mediterranea e Sea Watch)","MIGRANTI, FAZIO: ""UN GIORNO DOVREMMO RENDERE CONTO DI TUTTO QUESTO""",0,1